plot_id,tree_count_actual,tree_count_predicted,residual
817,0.0,0.3483192215192216,-0.3483192215192216
2565,2.0,0.5322933020012363,1.4677066979987639
4739,0.0,0.8831530876530879,-0.8831530876530879
2580,0.0,0.9537801596551602,-0.9537801596551602
745,2.0,1.4307303853553845,0.5692696146446155
136,8.0,4.595550172050176,3.404449827949824
1094,0.0,4.656478766603766,-4.656478766603766
4059,4.0,4.96051390358008,-0.9605139035800798
2610,0.0,1.0758007548007542,-1.0758007548007542
2541,0.0,1.7230694357385536,-1.7230694357385536
176,3.0,3.3288521225363326,-0.32885212253633256
939,4.0,3.354873635623636,0.6451263643763641
1301,0.0,0.3109110995476091,-0.3109110995476091
1375,0.0,0.7286694779439874,-0.7286694779439874
2505,6.0,3.742557595182594,2.257442404817406
1037,0.0,4.25346065046065,-4.25346065046065
3229,9.0,6.456897172272175,2.543102827727825
480,0.0,1.3785244176134133,-1.3785244176134133
3401,0.0,1.2651146350925764,-1.2651146350925764
3178,2.0,3.4492560524986993,-1.4492560524986993
1473,5.0,1.320802877677877,3.679197122322123
3698,2.0,3.0063700086463245,-1.0063700086463245
1986,0.0,0.9340576466017639,-0.9340576466017639
3969,2.0,1.1783873672623664,0.8216126327376336
3342,1.0,1.588417129167129,-0.588417129167129
1505,2.0,1.136443362193362,0.8635566378066379
3494,1.0,1.4380536310667886,-0.43805363106678863
1822,7.0,3.2939206294794516,3.7060793705205484
3543,8.0,3.8183476477226486,4.181652352277352
2265,0.0,3.057326655914891,-3.057326655914891
555,2.0,2.020546573796573,-0.020546573796572876
2010,0.0,1.9496205461205462,-1.9496205461205462
1619,0.0,1.5950405705405708,-1.5950405705405708
550,0.0,1.2514582030170256,-1.2514582030170256
3615,4.0,2.9655644956894953,1.0344355043105047
1823,6.0,3.384357891291711,2.615642108708289
4600,4.0,4.2722309588559595,-0.2722309588559595
332,0.0,2.9170464072964064,-2.9170464072964064
4122,0.0,2.937598114848114,-2.937598114848114
3621,2.0,1.933554274429274,0.06644572557072603
1331,0.0,0.10179203810819602,-0.10179203810819602
4526,1.0,1.208094474969474,-0.20809447496947397
2184,0.0,0.41682151182151184,-0.41682151182151184
3049,0.0,1.1799981826166042,-1.1799981826166042
3369,0.0,3.5805968848689425,-3.5805968848689425
503,1.0,6.354054510304511,-5.354054510304511
662,0.0,2.134405828090038,-2.134405828090038
2834,0.0,2.3554352099425633,-2.3554352099425633
1564,0.0,1.9922129999629996,-1.9922129999629996
2971,2.0,1.1866369648869648,0.8133630351130352
4332,0.0,0.42090029714002897,-0.42090029714002897
3275,0.0,0.7167637085137083,-0.7167637085137083
1187,1.0,0.2164743728563936,0.7835256271436064
1970,4.0,0.8550884170295932,3.1449115829704066
4609,3.0,1.099061718021634,1.900938281978366
3770,5.0,7.314165570540568,-2.3141655705405677
58,0.0,0.1201441443510075,-0.1201441443510075
3489,4.0,1.1868544396779697,2.81314556032203
783,7.0,6.263520641395649,0.7364793586043508
2940,5.0,4.302422711547712,0.6975772884522877
690,0.0,1.6879934509934498,-1.6879934509934498
3501,11.0,5.702362854737855,5.297637145262145
146,2.0,1.714229085729085,0.28577091427091506
3113,1.0,2.419259372435843,-1.4192593724358429
2388,3.0,1.94746596921597,1.05253403078403
3346,0.0,0.38253860953860946,-0.38253860953860946
965,0.0,6.378773894678312,-6.378773894678312
1636,0.0,1.0894690206120223,-1.0894690206120223
2810,0.0,1.5414082502464839,-1.5414082502464839
1119,0.0,0.6478297674404485,-0.6478297674404485
741,2.0,3.856918005741536,-1.856918005741536
661,1.0,2.927745111370111,-1.9277451113701112
532,0.0,0.6790698988551574,-0.6790698988551574
261,11.0,16.055002585377597,-5.055002585377597
3125,26.0,3.8220669213683913,22.177933078631607
1770,1.0,1.433239353239354,-0.4332393532393539
3962,1.0,0.3436170523920524,0.6563829476079476
2038,0.0,0.6832423178673176,-0.6832423178673176
932,11.0,7.749389714860302,3.2506102851396976
2146,2.0,0.4305521238021239,1.569447876197876
4234,0.0,0.13655673190969328,-0.13655673190969328
180,10.0,4.183694441723851,5.816305558276149
1128,5.0,1.577788267288267,3.422211732711733
1287,0.0,2.959041967291968,-2.959041967291968
2760,7.0,5.770900321900322,1.2290996780996783
4821,7.0,3.404643621084799,3.595356378915201
3259,0.0,2.566776205276205,-2.566776205276205
2561,0.0,2.234241499241499,-2.234241499241499
2457,6.0,2.8361767139236167,3.1638232860763833
247,14.0,8.500599791820381,5.499400208179619
1868,5.0,5.1489862036112015,-0.14898620361120152
2020,1.0,3.9646634522884523,-2.9646634522884523
2805,0.0,0.8044014920264919,-0.8044014920264919
533,0.0,0.9577801457801453,-0.9577801457801453
522,4.0,2.6838119658119655,1.3161880341880345
2995,11.0,3.1799704600954612,7.820029539904539
326,2.0,1.626266968325792,0.373733031674208
4501,2.0,0.8268083305583305,1.1731916694416695
2136,12.0,6.405446201946202,5.594553798053798
2046,0.0,4.088711556145378,-4.088711556145378
1869,2.0,7.5838935927906475,-5.5838935927906475
2414,3.0,1.5942009240759238,1.4057990759240762
2927,1.0,3.0434582917082893,-2.0434582917082893
408,3.0,2.739513338513339,0.2604866614866612
4598,5.0,2.8095411764161757,2.1904588235838243
4333,0.0,0.4161363987863987,-0.4161363987863987
1512,2.0,2.2644786313617575,-0.26447863136175753
812,0.0,0.7065275927775929,-0.7065275927775929
2825,0.0,1.410935715156303,-1.410935715156303
2660,2.0,0.7375657629407624,1.2624342370592376
1457,0.0,2.482710696710697,-2.482710696710697
2973,8.0,2.132087546955967,5.867912453044033
4500,5.0,1.2492234405028522,3.750776559497148
3596,2.0,0.5673908915158913,1.4326091084841086
1973,0.0,0.999742976848859,-0.999742976848859
1531,0.0,0.4407772551401968,-0.4407772551401968
1246,1.0,0.25237882372199505,0.747621176278005
4777,0.0,0.6374308480959975,-0.6374308480959975
4060,12.0,3.9571097236097232,8.042890276390278
3116,17.0,4.90409697709698,12.09590302290302
2132,0.0,2.359098225848226,-2.359098225848226
799,0.0,0.1179516210052946,-0.1179516210052946
139,3.0,2.0230530327515632,0.9769469672484368
4085,0.0,1.1072468691312747,-1.1072468691312747
2093,10.0,3.289530173530173,6.7104698264698275
3536,1.0,1.56276781089281,-0.56276781089281
1062,0.0,0.44720938110853853,-0.44720938110853853
3256,1.0,2.5741551041551034,-1.5741551041551034
3107,1.0,2.853564059578765,-1.853564059578765
1632,0.0,0.3386343994264904,-0.3386343994264904
2830,0.0,2.3237587627514102,-2.3237587627514102
1117,2.0,0.5661060236060235,1.4338939763939766
1913,1.0,0.832292855292855,0.16770714470714498
2795,1.0,2.3981038011552727,-1.3981038011552727
607,0.0,0.6491272292819119,-0.6491272292819119
4327,0.0,0.7647915094021903,-0.7647915094021903
1443,3.0,3.804873293373295,-0.8048732933732952
2905,0.0,1.6770521042138689,-1.6770521042138689
4011,3.0,0.48157912675559744,2.5184208732444024
2351,1.0,1.337546041921042,-0.3375460419210421
2111,3.0,1.730611934361935,1.269388065638065
2479,0.0,1.9016101259851268,-1.9016101259851268
3037,0.0,1.1094983349983347,-1.1094983349983347
3311,5.0,1.648490167240167,3.3515098327598327
1749,2.0,1.6961922336922342,0.30380776630776585
2268,1.0,0.6341266552075375,0.3658733447924625
3262,1.0,2.694408567195332,-1.6944085671953322
2099,2.0,2.588821632071633,-0.5888216320716331
4064,2.0,2.10651078088578,-0.10651078088578014
544,0.0,1.8170239988769405,-1.8170239988769405
2423,0.0,2.2700968984718988,-2.2700968984718988
1155,0.0,0.6423343535549416,-0.6423343535549416
225,7.0,4.482036764161762,2.517963235838238
2582,0.0,1.0593652298740308,-1.0593652298740308
2425,0.0,2.1695262226879874,-2.1695262226879874
348,1.0,5.5546531385281375,-4.5546531385281375
3683,4.0,4.636303285766522,-0.6363032857665223
2658,0.0,1.6101275853775852,-1.6101275853775852
4262,0.0,0.2598593619524518,-0.2598593619524518
3363,0.0,1.5674754551004544,-1.5674754551004544
4228,0.0,3.1265730426980434,-3.1265730426980434
907,1.0,1.1476031977281975,-0.14760319772819752
1584,2.0,4.475460323946781,-2.4754603239467814
4588,2.0,3.040583643208643,-1.040583643208643
2873,0.0,2.2151204884440205,-2.2151204884440205
2138,6.0,3.120992253117253,2.879007746882747
1271,3.0,4.749491880396293,-1.7494918803962927
50,0.0,0.6099878009815434,-0.6099878009815434
343,2.0,3.250912471515411,-1.2509124715154112
4100,0.0,1.3940773094008387,-1.3940773094008387
1253,0.0,0.14557281306047873,-0.14557281306047873
3831,0.0,0.3255622470920652,-0.3255622470920652
4446,4.0,7.2993478144948725,-3.2993478144948725
1108,0.0,0.7539817219817222,-0.7539817219817222
1288,0.0,4.525111781736782,-4.525111781736782
4783,1.0,1.200145903479237,-0.200145903479237
2690,4.0,2.2295130357115647,1.7704869642884353
578,5.0,4.602288459361993,0.3977115406380074
1130,0.0,0.9802508972508984,-0.9802508972508984
1133,0.0,0.5449262570624013,-0.5449262570624013
3725,2.0,3.5932784617343425,-1.5932784617343425
4828,0.0,1.5984634393384396,-1.5984634393384396
3395,3.0,2.0011716894216907,0.9988283105783093
3418,0.0,1.052964093356607,-1.052964093356607
940,0.0,6.249180708180704,-6.249180708180704
4837,8.0,4.304178682428684,3.6958213175713164
4223,3.0,2.0713111771126482,0.9286888228873518
3101,1.0,1.9298426807111009,-0.9298426807111009
2376,0.0,0.33820161320161324,-0.33820161320161324
2212,0.0,4.441738881488879,-4.441738881488879
2719,1.0,1.432264374514375,-0.43226437451437505
3114,14.0,6.811119375994377,7.188880624005623
4265,0.0,0.34446923863554074,-0.34446923863554074
3297,1.0,3.6839088226588204,-2.6839088226588204
2312,0.0,0.6715240685240687,-0.6715240685240687
3863,0.0,1.0436667705932423,-1.0436667705932423
2644,1.0,0.46156658056564104,0.538433419434359
3183,0.0,0.45636854105023084,-0.45636854105023084
4759,2.0,3.795854752001809,-1.795854752001809
2125,0.0,2.942083934583933,-2.942083934583933
2869,2.0,1.6259377058127056,0.3740622941872944
3769,10.0,4.459139922169333,5.540860077830667
4076,7.0,3.1406058339808336,3.8593941660191664
1318,0.0,3.232112636818518,-3.232112636818518
510,4.0,0.5058038905538905,3.4941961094461096
2528,0.0,1.4597789155289151,-1.4597789155289151
1738,0.0,1.077542959219429,-1.077542959219429
4203,0.0,3.3029541199541197,-3.3029541199541197
1360,2.0,1.8713514633514636,0.12864853664853637
2048,0.0,0.6109527254029294,-0.6109527254029294
2720,0.0,1.3899977337477336,-1.3899977337477336
2493,2.0,1.8163477562742267,0.18365224372577327
2867,1.0,1.0843536648536645,-0.08435366485366447
179,6.0,4.502504379879378,1.4974956201206222
119,3.0,3.3470793865720334,-0.3470793865720334
3603,1.0,1.0612067399822416,-0.061206739982241576
1964,1.0,0.8750296462796462,0.12497035372035381
2865,3.0,0.7887432896271402,2.2112567103728598
3658,1.0,2.568788628038627,-1.568788628038627
3653,0.0,2.0145370979782737,-2.0145370979782737
2438,1.0,0.8156102138602142,0.18438978613978585
4283,0.0,0.4428007323286738,-0.4428007323286738
3803,0.0,0.4858705192152007,-0.4858705192152007
2736,0.0,3.327554754613578,-3.327554754613578
2401,0.0,0.41781868088189017,-0.41781868088189017
2870,2.0,0.6097833963408165,1.3902166036591836
3377,3.0,2.6049620885650313,0.3950379114349687
4129,4.0,1.754442823788412,2.2455571762115882
686,1.0,1.298651923784277,-0.2986519237842771
4768,2.0,3.1730510045510045,-1.1730510045510045
2571,0.0,0.6948099054941163,-0.6948099054941163
902,0.0,1.1714841917341925,-1.1714841917341925
1406,0.0,0.7690372682872684,-0.7690372682872684
3760,0.0,2.164006081881084,-2.164006081881084
3077,0.0,1.977550153550153,-1.977550153550153
602,0.0,3.191339579523792,-3.191339579523792
4376,0.0,1.640874107374108,-1.640874107374108
2170,0.0,1.8274939736189728,-1.8274939736189728
3140,4.0,5.148443738451091,-1.1484437384510908
621,0.0,0.45108589764403906,-0.45108589764403906
1989,0.0,5.046000584153833,-5.046000584153833
2555,0.0,1.8832740565534682,-1.8832740565534682
3539,3.0,4.708780532648181,-1.7087805326481806
1109,1.0,1.709942959001783,-0.709942959001783
4860,0.0,2.154010263157322,-2.154010263157322
2952,0.0,2.0103394620085804,-2.0103394620085804
1846,0.0,1.9986128223628206,-1.9986128223628206
1050,0.0,0.6311062255113977,-0.6311062255113977
2348,0.0,1.442215932215932,-1.442215932215932
4581,25.0,3.5019722823472814,21.498027717652718
4726,2.0,1.250426545676546,0.749573454323454
2975,21.0,8.258571017218076,12.741428982781924
258,4.0,6.23361124061124,-2.23361124061124
3815,4.0,1.1336686924186927,2.8663313075813073
2083,8.0,1.704536809595634,6.295463190404366
765,0.0,0.43753477310318745,-0.43753477310318745
1892,7.0,2.8980091945091937,4.101990805490806
2275,0.0,7.424961885336887,-7.424961885336887
2461,2.0,3.574572251822252,-1.5745722518222518
4323,0.0,0.4278529358562512,-0.4278529358562512
4780,0.0,1.174175459342364,-1.174175459342364
2240,9.0,3.604207107162988,5.395792892837012
2377,0.0,0.21324581530812028,-0.21324581530812028
618,0.0,0.24622551468139714,-0.24622551468139714
446,1.0,4.466835206460202,-3.4668352064602024
1011,0.0,2.054847985347985,-2.054847985347985
3227,1.0,3.0158332705306403,-2.0158332705306403
4139,2.0,2.829242636720577,-0.829242636720577
4288,0.0,0.10324705962023184,-0.10324705962023184
4593,0.0,0.9695248450427763,-0.9695248450427763
3373,11.0,3.9436989530077766,7.056301046992223
1527,7.0,1.337024591149591,5.662975408850409
1949,3.0,2.0405195730195715,0.9594804269804285
3588,6.0,3.3456184926184935,2.6543815073815065
4275,0.0,0.3856213710703953,-0.3856213710703953
131,1.0,8.527487549487551,-7.527487549487551
856,0.0,0.3111183275674476,-0.3111183275674476
2332,8.0,3.7566401651181045,4.243359834881895
4087,3.0,1.7504131100381093,1.2495868899618907
3597,1.0,0.5085393563408269,0.4914606436591731
173,4.0,3.250187578474729,0.7498124215252711
972,1.0,0.7033909422756521,0.29660905772434787
4055,2.0,0.7248881026381025,1.2751118973618976
3078,1.0,1.8620212415580069,-0.8620212415580069
1739,1.0,1.2104571632071623,-0.21045716320716235
4825,1.0,1.6219468771968768,-0.6219468771968768
2213,0.0,4.293207311207312,-4.293207311207312
3218,6.0,4.003538526288527,1.9964614737114728
3645,1.0,2.3529358511858507,-1.3529358511858507
2122,3.0,1.3592771052476933,1.6407228947523067
3867,0.0,2.018294996397938,-2.018294996397938
3895,0.0,1.737809951486422,-1.737809951486422
2027,1.0,1.673834631055219,-0.673834631055219
3840,1.0,1.2492783627048323,-0.24927836270483228
1767,0.0,0.8412670541904461,-0.8412670541904461
4127,0.0,0.3985198695513333,-0.3985198695513333
1004,0.0,0.28984912173441196,-0.28984912173441196
2883,0.0,2.5475276346746933,-2.5475276346746933
3481,1.0,2.407298049173049,-1.4072980491730491
1264,0.0,0.4337436267436269,-0.4337436267436269
463,3.0,0.8920654383742617,2.107934561625738
904,0.0,0.9493393782143785,-0.9493393782143785
500,2.0,2.7243796805046814,-0.7243796805046814
3810,2.0,0.48663732563732587,1.513362674362674
525,0.0,0.4359640822140824,-0.4359640822140824
2917,2.0,1.1628971104180386,0.8371028895819614
4220,6.0,1.4881749388955274,4.511825061104473
96,18.0,5.2847397741147715,12.715260225885228
2168,0.0,0.4206209291798075,-0.4206209291798075
771,0.0,1.3577986460420663,-1.3577986460420663
4758,0.0,1.5955838752750517,-1.5955838752750517
485,0.0,0.9025263593937936,-0.9025263593937936
699,0.0,1.2081739741739737,-1.2081739741739737
195,12.0,1.050042355792356,10.949957644207643
3631,1.0,1.3572814492152738,-0.3572814492152738
944,1.0,2.417886124682565,-1.417886124682565
4149,0.0,0.26316787421977433,-0.26316787421977433
2899,0.0,1.0505591363973723,-1.0505591363973723
2721,0.0,0.8391349492783854,-0.8391349492783854
1270,0.0,4.776158404217615,-4.776158404217615
648,0.0,0.6223011294118105,-0.6223011294118105
2211,2.0,4.503815969118599,-2.503815969118599
1344,0.0,1.265582462744227,-1.265582462744227
4193,2.0,1.1590368449633153,0.8409631550366847
2959,6.0,4.790354825729825,1.2096451742701753
1528,1.0,1.1221145047762695,-0.1221145047762695
3059,0.0,1.0016725034225038,-1.0016725034225038
4575,1.0,4.22384415121915,-3.22384415121915
2965,1.0,3.123723689436925,-2.123723689436925
3472,2.0,5.298241328116326,-3.298241328116326
1666,5.0,4.0117510267510275,0.9882489732489725
3618,0.0,0.4315053835053837,-0.4315053835053837
773,2.0,2.6638509456230044,-0.6638509456230044
1982,1.0,2.8226585451585455,-1.8226585451585455
4273,0.0,0.15770992048173002,-0.15770992048173002
521,5.0,2.8865391090391097,2.1134608909608903
1542,0.0,0.7424862146336058,-0.7424862146336058
3629,4.0,6.135260308319126,-2.1352603083191264
2670,5.0,1.5850831113331125,3.4149168886668875
789,4.0,3.1562697406079754,0.8437302593920246
1164,1.0,1.0494762372703546,-0.04947623727035455
1448,0.0,1.7673354107765855,-1.7673354107765855
278,4.0,4.0275756095756075,-0.02757560957560745
47,0.0,0.31224663121068125,-0.31224663121068125
2368,1.0,1.4657848521304409,-0.46578485213044085
2933,5.0,1.3388509823509818,3.6611490176490182
2419,2.0,1.7017119917119916,0.2982880082880084
2269,0.0,1.5116837699337708,-1.5116837699337708
2958,20.0,5.04672379009879,14.95327620990121
3606,0.0,0.08950309141974283,-0.08950309141974283
1368,11.0,6.591460211085211,4.408539788914789
3485,1.0,0.47154707310662236,0.5284529268933776
1804,5.0,3.2289825482251953,1.7710174517748047
2936,2.0,1.832103824824413,0.16789617517558697
821,0.0,0.47393783993784033,-0.47393783993784033
3734,8.0,2.945809578493405,5.054190421506595
606,0.0,1.3402129722129716,-1.3402129722129716
3828,0.0,1.9735665029415035,-1.9735665029415035
1678,1.0,3.541713386286914,-2.541713386286914
161,4.0,3.4283688441188436,0.5716311558811564
4028,0.0,0.8380421245421247,-0.8380421245421247
1772,1.0,1.4920318616568615,-0.4920318616568615
1759,3.0,6.770889448514449,-3.770889448514449
1593,0.0,0.7871415910567405,-0.7871415910567405
4385,0.0,0.19817963538758504,-0.19817963538758504
3562,1.0,2.8192635050135055,-1.8192635050135055
3250,4.0,2.6334093129093112,1.3665906870906888
4023,0.0,3.754431503681505,-3.754431503681505
1016,0.0,4.192306485181485,-4.192306485181485
3422,0.0,0.5351501831501835,-0.5351501831501835
4364,9.0,3.9550201465201464,5.044979853479854
4268,0.0,1.6317746118804943,-1.6317746118804943
2372,0.0,0.3239061401561402,-0.3239061401561402
4132,4.0,2.7080873989844565,1.2919126010155435
3577,6.0,2.1901982415732424,3.8098017584267576
707,0.0,2.7495849567099593,-2.7495849567099593
4505,3.0,1.3439827772989539,1.6560172227010461
4118,5.0,4.029652671402674,0.9703473285973256
4326,1.0,0.7818685513706038,0.21813144862939615
3655,0.0,1.0472452177452183,-1.0472452177452183
4656,3.0,1.888690975204133,1.111309024795867
1224,0.0,0.2611426513405158,-0.2611426513405158
3451,11.0,6.378849284974284,4.621150715025716
2190,5.0,3.891930990305994,1.108069009694006
3149,2.0,3.016488713084303,-1.016488713084303
691,0.0,1.4207934611684616,-1.4207934611684616
3032,0.0,1.6699909445130037,-1.6699909445130037
3757,1.0,1.0048292925398186,-0.004829292539818564
2226,5.0,2.821379241129241,2.178620758870759
3608,0.0,0.11417685078696219,-0.11417685078696219
1870,3.0,5.772978535625593,-2.772978535625593
1858,1.0,4.102517349480586,-3.1025173494805864
3745,3.0,4.373785843785846,-1.3737858437858463
2759,6.0,6.327694176194178,-0.3276941761941776
4633,1.0,1.3574771183981693,-0.3574771183981693
3431,0.0,0.4512165494604892,-0.4512165494604892
3216,4.0,1.6864212554874334,2.313578744512567
1467,1.0,2.9593515836015856,-1.9593515836015856
4400,0.0,1.226788258038258,-1.226788258038258
4402,0.0,2.471469396344396,-2.471469396344396
1409,0.0,5.053615599542067,-5.053615599542067
4785,2.0,1.813033794908794,0.18696620509120598
845,0.0,2.05574949124949,-2.05574949124949
3759,0.0,1.2640511340511338,-1.2640511340511338
1292,1.0,0.43933727112245446,0.5606627288775455
847,0.0,1.9958148093736339,-1.9958148093736339
4840,7.0,3.5396436803936777,3.4603563196063223
3237,0.0,1.059031756742283,-1.059031756742283
1204,0.0,0.482564248103065,-0.482564248103065
2336,0.0,1.5087490888740893,-1.5087490888740893
4624,8.0,1.143531202185614,6.856468797814386
2881,2.0,3.429767223517224,-1.4297672235172239
3677,1.0,1.7386413012368893,-0.7386413012368893
1297,0.0,0.634777683301677,-0.634777683301677
1558,13.0,4.483048359048361,8.516951640951639
217,0.0,0.9110856412106407,-0.9110856412106407
4851,3.0,1.2250765789221671,1.7749234210778329
2742,6.0,3.046861754258811,2.953138245741189
4165,3.0,1.1303596033596037,1.8696403966403963
4102,2.0,2.4554405937200054,-0.45544059372000545
4048,2.0,1.5390038341288326,0.46099616587116743
4431,0.0,1.0381684446635422,-1.0381684446635422
4054,2.0,4.244336048211046,-2.2443360482110464
4464,0.0,2.6180066415066405,-2.6180066415066405
2519,3.0,2.3958477355977346,0.6041522644022654
3747,3.0,2.3348137788137784,0.6651862211862216
759,3.0,1.0307091057091062,1.9692908942908938
4409,8.0,4.3443850871350875,3.6556149128649125
3383,0.0,1.1888225891755304,-1.1888225891755304
4669,6.0,2.4301835294335308,3.5698164705664692
2088,5.0,3.421073764198765,1.578926235801235
1161,0.0,1.1918162624412632,-1.1918162624412632
3942,1.0,0.617156362156362,0.38284363784363795
89,3.0,3.4329704508024945,-0.4329704508024945
3464,2.0,3.564196069281594,-1.5641960692815942
2844,0.0,1.335543123543124,-1.335543123543124
961,0.0,2.096651103526103,-2.096651103526103
3372,1.0,5.633380933880934,-4.633380933880934
3904,3.0,5.029201142267319,-2.0292011422673193
3407,0.0,3.87997521922522,-3.87997521922522
2643,0.0,1.1681031006031004,-1.1681031006031004
1741,2.0,3.4262769776519773,-1.4262769776519773
3517,10.0,8.189534081659081,1.8104659183409186
1640,0.0,0.5528431770563307,-0.5528431770563307
2144,7.0,1.2711027861027873,5.728897213897213
974,1.0,0.6940295581538567,0.3059704418461433
2550,0.0,4.15418676693677,-4.15418676693677
4135,5.0,5.597503314223904,-0.5975033142239043
805,0.0,0.24061116525363757,-0.24061116525363757
342,2.0,3.791072033902917,-1.7910720339029171
1196,0.0,0.1144953401326931,-0.1144953401326931
2514,4.0,2.3405389471639464,1.6594610528360536
72,18.0,4.1250104895104895,13.87498951048951
1057,0.0,0.8072617246581641,-0.8072617246581641
2776,7.0,3.695924829799828,3.304075170200172
3965,0.0,1.5700348077848079,-1.5700348077848079
3902,4.0,2.8395116911955167,1.1604883088044833
1794,5.0,3.6645101962307844,1.3354898037692156
4310,0.0,0.3346381656525658,-0.3346381656525658
2387,2.0,3.805482661043809,-1.805482661043809
3188,2.0,2.9381551226551235,-0.9381551226551235
2262,0.0,1.1370716902922782,-1.1370716902922782
1717,0.0,0.5305269226960405,-0.5305269226960405
1475,4.0,1.0553049001881039,2.944695099811896
3718,0.0,0.5822784092126196,-0.5822784092126196
2421,1.0,2.2387163993413983,-1.2387163993413983
4812,1.0,0.5446095386095385,0.45539046139046147
4465,0.0,1.9195400547165238,-1.9195400547165238
3162,4.0,4.775977160094806,-0.775977160094806
172,0.0,2.1075324027824025,-2.1075324027824025
2576,0.0,2.1900582658082652,-2.1900582658082652
1991,2.0,2.1232543708727922,-0.12325437087279223
774,1.0,0.787140521515521,0.21285947848447895
554,0.0,2.626998294833822,-2.626998294833822
3082,0.0,1.1914542957042955,-1.1914542957042955
4761,0.0,5.907775131988753,-5.907775131988753
4045,7.0,1.8194432465682466,5.180556753431754
3341,1.0,0.8645160672660671,0.1354839327339329
4334,0.0,2.2442925802411087,-2.2442925802411087
3265,0.0,0.34920946827602656,-0.34920946827602656
3872,0.0,3.6892404262404237,-3.6892404262404237
378,0.0,0.6888818288009634,-0.6888818288009634
1523,8.0,2.391049537608362,5.608950462391638
674,0.0,0.7920554399304398,-0.7920554399304398
3874,0.0,1.122554269804269,-1.122554269804269
1191,0.0,1.3924487391693272,-1.3924487391693272
2949,0.0,4.724362845487841,-4.724362845487841
2864,0.0,1.733707153957154,-1.733707153957154
2356,2.0,1.5311962574462583,0.4688037425537417
4348,1.0,2.5730357050357044,-1.5730357050357044
3195,0.0,3.795376743626745,-3.795376743626745
1680,1.0,0.6151522671228553,0.3848477328771447
3142,9.0,6.285327371158248,2.714672628841752
4182,0.0,1.6023116605616605,-1.6023116605616605
3616,0.0,1.3414230954230952,-1.3414230954230952
2691,2.0,1.8588425000924997,0.14115749990750026
1302,0.0,0.12992008454508458,-0.12992008454508458
2173,2.0,2.947141488141489,-0.9471414881414888
1621,4.0,1.0797724497724495,2.9202275502275503
2374,1.0,0.39105655918155935,0.6089434408184407
3568,1.0,1.4282851222851214,-0.4282851222851214
4643,5.0,2.075708797194092,2.924291202805908
4039,0.0,1.8360894753394754,-1.8360894753394754
3923,2.0,0.9194810556603128,1.0805189443396872
4619,3.0,3.0655270840270834,-0.0655270840270834
1608,0.0,1.2947622763699915,-1.2947622763699915
1417,6.0,3.932119824619825,2.067880175380175
286,7.0,4.734747543879126,2.265252456120874
3880,0.0,1.1961426258926253,-1.1961426258926253
1257,0.0,0.1023114556971234,-0.1023114556971234
1261,0.0,1.7417754560254564,-1.7417754560254564
4753,0.0,0.8698779139683939,-0.8698779139683939
2836,1.0,1.1275686473488198,-0.12756864734881979
3304,0.0,0.9741373487623486,-0.9741373487623486
251,4.0,1.2580761507011506,2.7419238492988494
3830,1.0,3.009430037555036,-2.009430037555036
4088,0.0,3.7331843390813977,-3.7331843390813977
1754,0.0,3.13370591200738,-3.13370591200738
754,7.0,4.199933450536391,2.800066549463609
3196,4.0,4.086623009343597,-0.08662300934359735
2656,2.0,1.371382528961123,0.628617471038877
4514,1.0,0.7876257351036761,0.21237426489632394
3556,0.0,3.9216632487882492,-3.9216632487882492
1073,3.0,3.385250370272427,-0.38525037027242703
2392,0.0,0.8153823861323864,-0.8153823861323864
1431,1.0,3.0942514152514153,-2.0942514152514153
1785,2.0,4.000957784046017,-2.000957784046017
1506,1.0,0.3261294149746543,0.6738705850253457
3664,2.0,2.044832158582157,-0.04483215858215717
2824,1.0,1.3727780960869191,-0.37277809608691914
2769,0.0,4.164484561734563,-4.164484561734563
1154,6.0,2.1959689662189668,3.8040310337810332
197,1.0,0.869309153809154,0.13069084619084603
927,7.0,2.0662877215377224,4.933712278462277
1042,3.0,0.9108994385244383,2.089100561475562
4542,0.0,1.587204452954453,-1.587204452954453
4829,1.0,2.849209198209199,-1.849209198209199
860,0.0,0.1077444425513001,-0.1077444425513001
196,3.0,2.2388915898915904,0.7611084101084096
25,0.0,0.9728218608733318,-0.9728218608733318
2395,1.0,0.6136535547785549,0.3863464452214451
1338,2.0,0.6395177322677322,1.3604822677322677
1829,1.0,0.9514924797424796,0.048507520257520365
478,0.0,0.4127002307242271,-0.4127002307242271
2101,1.0,1.0575083206267422,-0.05750832062674216
2503,1.0,4.858763384763386,-3.858763384763386
3108,1.0,3.850157326104694,-2.850157326104694
3192,3.0,3.4620439005439,-0.4620439005438999
3630,1.0,0.5722512950012952,0.42774870499870477
3520,6.0,2.758387019842902,3.241612980157098
1462,1.0,3.527837958337957,-2.527837958337957
1022,0.0,0.686321858696859,-0.686321858696859
2440,1.0,0.44255616331026687,0.5574438366897332
1577,0.0,1.2746826553076551,-1.2746826553076551
3302,3.0,1.5716226328138092,1.4283773671861908
2487,1.0,2.4759342971842977,-1.4759342971842977
2522,4.0,2.685429195804195,1.3145708041958049
4790,0.0,1.199861693861694,-1.199861693861694
1606,0.0,0.32829799043334373,-0.32829799043334373
3069,1.0,0.9594280719280716,0.04057192807192844
545,0.0,0.9345144392644391,-0.9345144392644391
492,1.0,1.4135094257594243,-0.4135094257594243
1266,0.0,1.6179537314537313,-1.6179537314537313
1560,0.0,4.2737107707107675,-4.2737107707107675
2342,0.0,0.5195098790098791,-0.5195098790098791
297,4.0,8.345722560663738,-4.345722560663738
1967,3.0,2.236958573833575,0.7630414261664251
2823,0.0,1.3636717966129732,-1.3636717966129732
2235,3.0,3.7892647637450274,-0.7892647637450274
2063,0.0,1.350537243257831,-1.350537243257831
1373,1.0,1.3641807590557582,-0.3641807590557582
997,2.0,2.126099090724091,-0.12609909072409087
624,0.0,0.8278491693491694,-0.8278491693491694
953,3.0,5.754406447840653,-2.754406447840653
4434,0.0,0.2995990818375665,-0.2995990818375665
712,1.0,1.5663278434528436,-0.5663278434528436
4453,0.0,2.4411677622486443,-2.4411677622486443
4238,0.0,0.30730062088493043,-0.30730062088493043
3133,2.0,2.713680855636737,-0.7136808556367371
4130,6.0,0.988074557795146,5.011925442204854
1337,2.0,0.6832441170204623,1.3167558829795376
3850,0.0,2.2219948292448293,-2.2219948292448293
484,0.0,0.9149191179191182,-0.9149191179191182
4571,13.0,7.88807301984508,5.11192698015492
3105,10.0,4.154802785177786,5.845197214822214
4537,0.0,0.9321403003314774,-0.9321403003314774
2148,0.0,1.2776695056033274,-1.2776695056033274
3925,2.0,0.5299424371924374,1.4700575628075625
228,0.0,1.1972603415103404,-1.1972603415103404
215,0.0,0.7414877116061328,-0.7414877116061328
1147,2.0,3.5414964572464562,-1.5414964572464562
2631,0.0,0.2958407334137352,-0.2958407334137352
249,12.0,13.214687532511073,-1.214687532511073
1572,0.0,0.4793546232551286,-0.4793546232551286
106,8.0,4.265460483960485,3.734539516039515
39,0.0,1.7301478102507504,-1.7301478102507504
4658,2.0,1.2634302815920468,0.7365697184079532
1515,1.0,0.5954883635061305,0.40451163649386945
980,2.0,1.430228470846892,0.569771529153108
883,0.0,1.1649654167087526,-1.1649654167087526
1877,1.0,1.753672466422466,-0.7536724664224661
2693,7.0,2.5025894617078825,4.497410538292117
1792,1.0,1.5672219983175875,-0.5672219983175875
4249,0.0,0.28054647350699974,-0.28054647350699974
3249,5.0,1.287775760459584,3.712224239540416
3012,4.0,2.3123407820393114,1.6876592179606886
4095,0.0,5.210581360360772,-5.210581360360772
1315,0.0,2.220611277611279,-2.220611277611279
2934,1.0,1.0115880725025468,-0.011588072502546787
1116,0.0,1.0614952992043571,-1.0614952992043571
2417,5.0,3.159610537610537,1.8403894623894632
2019,1.0,2.605517186517187,-1.605517186517187
4231,0.0,0.6223037070418673,-0.6223037070418673
2358,0.0,2.374674643167291,-2.374674643167291
700,0.0,2.7629584027084024,-2.7629584027084024
208,0.0,0.9066455086537131,-0.9066455086537131
1071,2.0,0.892121216746217,1.107878783253783
1679,4.0,0.3673851307074991,3.632614869292501
409,3.0,4.128676332926332,-1.1286763329263323
3802,1.0,0.8229894263860558,0.17701057361394423
1811,8.0,5.884058540587954,2.1159414594120456
3408,0.0,0.6896167129629509,-0.6896167129629509
46,0.0,0.665774458831402,-0.665774458831402
3721,2.0,1.2437438209938205,0.7562561790061795
651,2.0,1.5756188903688904,0.42438110963110964
3764,3.0,1.61827574059927,1.38172425940073
2135,10.0,7.998507201132205,2.001492798867795
16,1.0,4.274656334406336,-3.2746563344063357
1068,2.0,0.5501323410798339,1.4498676589201662
424,0.0,3.3150215378733163,-3.3150215378733163
472,0.0,2.3297976190476173,-2.3297976190476173
1020,0.0,1.8805991970991978,-1.8805991970991978
4572,15.0,8.161891904391906,6.838108095608094
2260,0.0,0.5176758704258707,-0.5176758704258707
1719,2.0,0.7716919191919198,1.2283080808080802
2743,2.0,1.8764306050703106,0.12356939492968944
866,0.0,1.165854293854293,-1.165854293854293
3225,7.0,3.6584273806259096,3.3415726193740904
1576,0.0,1.6741871135400543,-1.6741871135400543
4372,1.0,2.4055834437893253,-1.4055834437893253
2511,0.0,0.364484923560505,-0.364484923560505
1421,3.0,1.9891948838198834,1.0108051161801166
1089,0.0,0.7918172799422796,-0.7918172799422796
4391,1.0,0.6489885370477474,0.3510114629522526
199,12.0,1.3433683269345047,10.656631673065496
4474,4.0,2.8113819475731248,1.1886180524268752
1898,0.0,1.9695675851925845,-1.9695675851925845
2882,4.0,1.2928884602239865,2.7071115397760135
1689,1.0,0.530481251002793,0.469518748997207
387,0.0,0.3154838922252715,-0.3154838922252715
3443,6.0,4.5237612341362325,1.4762387658637675
182,6.0,6.568515331890335,-0.5685153318903353
2254,0.0,0.5227412025415522,-0.5227412025415522
1673,2.0,3.5869584027084027,-1.5869584027084027
981,0.0,1.7330215555972028,-1.7330215555972028
1996,0.0,3.659472462722462,-3.659472462722462
4274,0.0,0.10241372628689852,-0.10241372628689852
4061,8.0,5.184728216228209,2.8152717837717907
1980,0.0,1.6445507964257955,-1.6445507964257955
4749,3.0,2.7936650155400145,0.20633498445998555
1212,1.0,1.2982678570819148,-0.29826785708191483
3039,0.0,0.7367571872571872,-0.7367571872571872
3143,7.0,3.7406413521119406,3.2593586478880594
601,0.0,1.3588943417693415,-1.3588943417693415
4523,6.0,1.8265394243556003,4.1734605756444
151,1.0,1.3949766695722587,-0.39497666957225874
425,1.0,3.3564264061102285,-2.3564264061102285
2564,2.0,0.40077501202501203,1.599224987974988
1793,7.0,6.181540311540314,0.8184596884596864
3439,0.0,0.36669223476781615,-0.36669223476781615
3530,0.0,1.5443737262193153,-1.5443737262193153
1082,12.0,2.1960705960705966,9.803929403929404
1555,8.0,2.2653924501424503,5.73460754985755
362,11.0,2.875678007178007,8.124321992821994
3321,0.0,0.7654911443858844,-0.7654911443858844
3724,2.0,2.495590094818036,-0.49559009481803606
4855,2.0,1.948116705734353,0.051883294265647084
254,20.0,10.927932951307962,9.072067048692038
2444,3.0,2.8514039147127384,0.14859608528726165
1695,0.0,1.2853006900506891,-1.2853006900506891
264,17.0,8.528875383331268,8.471124616668732
1838,1.0,1.9589986448736443,-0.9589986448736443
44,0.0,0.506286065241948,-0.506286065241948
2034,0.0,0.19366786465102825,-0.19366786465102825
4195,0.0,0.796354663581822,-0.796354663581822
561,2.0,3.240907438694204,-1.240907438694204
471,0.0,3.2356054011348117,-3.2356054011348117
308,1.0,1.5071345598845598,-0.5071345598845598
2001,1.0,0.6214702427202426,0.37852975727975735
4610,6.0,5.291177086802089,0.7088229131979107
3442,1.0,3.794520056740648,-2.794520056740648
634,0.0,1.3185311817811818,-1.3185311817811818
302,2.0,4.698597806877219,-2.6985978068772187
833,0.0,0.25747293554851713,-0.25747293554851713
1891,20.0,3.1240836940836947,16.875916305916306
1235,0.0,0.2513722144631502,-0.2513722144631502
1543,0.0,1.1949761858511851,-1.1949761858511851
4532,0.0,0.9139036056536057,-0.9139036056536057
1491,1.0,2.9683320736997203,-1.9683320736997203
2773,3.0,1.4036671384171386,1.5963328615828614
1458,0.0,2.648496683871685,-2.648496683871685
399,3.0,1.2571588087838084,1.7428411912161916
757,1.0,1.3755809604339015,-0.37558096043390155
2749,5.0,4.050679110363319,0.9493208896366809
2537,4.0,1.2727959031709029,2.727204096829097
1369,2.0,2.481082548442842,-0.48108254844284204
720,5.0,1.1932725958681845,3.8067274041318155
3720,1.0,0.47519511044511054,0.5248048895548895
2913,1.0,0.7408732813306125,0.2591267186693875
4718,2.0,0.39781428756428755,1.6021857124357124
413,5.0,2.870964160839162,2.129035839160838
2415,1.0,3.7396535409035407,-2.7396535409035407
3705,1.0,1.9884823509823506,-0.9884823509823506
3337,0.0,1.7110828153328153,-1.7110828153328153
1990,0.0,1.696908554408555,-1.696908554408555
990,0.0,1.715766983016983,-1.715766983016983
1740,1.0,1.2581983664483665,-0.25819836644836647
2884,0.0,1.4563094079123482,-1.4563094079123482
2768,2.0,6.3683111148111164,-4.3683111148111164
4217,3.0,2.8351639360095255,0.16483606399047446
3,2.0,0.9715244940244945,1.0284755059755055
1259,0.0,0.14567927342593498,-0.14567927342593498
2283,0.0,1.4794328838372959,-1.4794328838372959
1968,0.0,0.9077928367928373,-0.9077928367928373
604,0.0,1.2768863407547608,-1.2768863407547608
4711,0.0,0.5298922949898331,-0.5298922949898331
800,0.0,0.183195657752785,-0.183195657752785
3819,3.0,0.7237781616531616,2.2762218383468387
2679,7.0,0.8918524068524069,6.108147593147593
4485,1.0,5.073444332900213,-4.073444332900213
4679,2.0,2.9725477022977036,-0.9725477022977036
4393,1.0,1.051443584193584,-0.05144358419358408
1069,6.0,1.2549649702149699,4.74503502978503
3997,1.0,1.7435505836755851,-0.7435505836755851
2489,1.0,2.8812883255089137,-1.8812883255089137
4470,0.0,2.1538728771228772,-2.1538728771228772
2147,0.0,2.7627010870393223,-2.7627010870393223
3633,1.0,1.6486844228755988,-0.6486844228755988
3366,0.0,0.17416599065685473,-0.17416599065685473
706,0.0,1.549619135737557,-1.549619135737557
1440,1.0,3.9971099086099064,-2.9971099086099064
513,7.0,5.236567010875832,1.7634329891241682
3639,1.0,0.27331415806415815,0.7266858419358418
1630,0.0,0.3245545810364682,-0.3245545810364682
918,1.0,0.6128896196396193,0.3871103803603807
2665,0.0,1.0859178103742106,-1.0859178103742106
4240,1.0,0.10270256707573931,0.8972974329242607
2207,2.0,2.099042943167943,-0.09904294316794315
2285,2.0,3.481198432286667,-1.481198432286667
365,1.0,2.0305319070907295,-1.0305319070907295
1955,1.0,0.16529366873742485,0.8347063312625751
2547,0.0,2.288146612646613,-2.288146612646613
4341,0.0,0.2283130503340363,-0.2283130503340363
241,6.0,7.598547167429525,-1.5985471674295253
401,2.0,2.9114871193621177,-0.9114871193621177
572,0.0,0.3909075507825508,-0.3909075507825508
3950,0.0,1.6439631517719762,-1.6439631517719762
1466,0.0,1.3315604950604956,-1.3315604950604956
3471,1.0,4.662559912309909,-3.6625599123099093
2003,0.0,4.059192939141468,-4.059192939141468
4381,2.0,1.7455043012543001,0.2544956987456999
4799,1.0,2.87217156889951,-1.87217156889951
381,0.0,0.5459872175086902,-0.5459872175086902
4246,0.0,2.531984842227488,-2.531984842227488
3948,0.0,2.1911610872787324,-2.1911610872787324
3709,0.0,3.107004916379916,-3.107004916379916
1262,0.0,0.4342280436854737,-0.4342280436854737
4484,8.0,4.124374946676414,3.875625053323586
2426,4.0,1.0245939153439152,2.975406084656085
1070,4.0,1.5484963399173923,2.451503660082608
4152,1.0,3.0524600445850445,-2.0524600445850445
4421,0.0,1.185144307852641,-1.185144307852641
1380,2.0,4.010606698856698,-2.010606698856698
4584,1.0,1.508507680228269,-0.5085076802282691
920,2.0,0.9955689356939353,1.0044310643060648
4583,7.0,3.8357025659525665,3.1642974340474335
8,3.0,5.6465619010619,-2.6465619010619
711,9.0,4.42102879065379,4.57897120934621
372,0.0,1.353544662008672,-1.353544662008672
1705,0.0,0.30059712730133825,-0.30059712730133825
3090,1.0,0.7083418053605275,0.2916581946394725
4225,2.0,1.7259662189662175,0.2740337810337825
733,3.0,4.065745444370443,-1.0657454443704433
2661,0.0,0.3172486510633366,-0.3172486510633366
368,0.0,1.3240106652606651,-1.3240106652606651
2229,2.0,1.8141490916490912,0.18585090835090878
4325,0.0,0.5474348913613621,-0.5474348913613621
1766,1.0,1.1470766093462965,-0.14707660934629652
4062,0.0,2.117013590984179,-2.117013590984179
3374,11.0,3.4928711011211,7.5071288988789
1826,2.0,4.291500925000925,-2.291500925000925
2441,2.0,4.602428293928295,-2.602428293928295
4527,3.0,2.9876551735301744,0.012344826469825598
675,0.0,0.6041522551522549,-0.6041522551522549
4315,0.0,0.7061269286269284,-0.7061269286269284
2163,0.0,0.3310511941761942,-0.3310511941761942
1200,0.0,0.2794851574696078,-0.2794851574696078
282,7.0,3.640526492026492,3.359473507973508
4306,0.0,0.6515288266832552,-0.6515288266832552
1544,0.0,0.7800050201239763,-0.7800050201239763
538,3.0,1.6912531635031638,1.3087468364968362
4744,0.0,0.6173981941834868,-0.6173981941834868
716,3.0,1.6672934796684786,1.3327065203315214
3676,2.0,2.538121987489634,-0.5381219874896339
3736,0.0,1.7340684963184974,-1.7340684963184974
1438,1.0,2.657404941578317,-1.6574049415783172
2164,2.0,0.9818105404943641,1.0181894595056358
806,0.0,0.26802468942327967,-0.26802468942327967
4255,0.0,0.20967037020990134,-0.20967037020990134
183,3.0,3.8966155279905283,-0.8966155279905283
416,0.0,3.9176360932096213,-3.9176360932096213
1771,0.0,0.9619757938140285,-0.9619757938140285
830,0.0,0.9411623006623008,-0.9411623006623008
4629,3.0,1.956642968959147,1.043357031040853
1249,0.0,0.1801935357189108,-0.1801935357189108
3002,5.0,1.7370853628941862,3.2629146371058138
2258,2.0,0.5024296974811681,1.4975703025188318
1857,2.0,4.515159835534834,-2.515159835534834
3296,1.0,4.136136673511673,-3.1361366735116727
3391,0.0,2.047280802530803,-2.047280802530803
854,0.0,0.10474805754813063,-0.10474805754813063
192,4.0,0.6771239131239133,3.3228760868760867
4438,1.0,0.09469696329574502,0.9053030367042549
3160,0.0,2.669365236615234,-2.669365236615234
2985,5.0,4.733646228771227,0.2663537712287729
2772,0.0,5.0621304991304985,-5.0621304991304985
2199,1.0,3.7447660302660277,-2.7447660302660277
2028,0.0,2.007333407333407,-2.007333407333407
3173,3.0,2.7645970325970324,0.23540296740296762
414,1.0,1.6659834637040525,-0.6659834637040525
900,0.0,0.5725549090715499,-0.5725549090715499
641,0.0,0.16142340385220583,-0.16142340385220583
1601,0.0,2.7816696190519723,-2.7816696190519723
129,5.0,6.336943687848101,-1.336943687848101
3636,1.0,1.146642748863337,-0.14664274886333706
1993,1.0,2.64893477818478,-1.6489347781847798
2637,0.0,1.0036227794536623,-1.0036227794536623
2403,6.0,2.6822601241351243,3.3177398758648757
4197,0.0,0.4968482117011529,-0.4968482117011529
4680,3.0,2.35351953139453,0.6464804686054699
1383,1.0,7.759380304880306,-6.759380304880306
2445,7.0,3.243405594405593,3.756594405594407
2121,3.0,3.693183626558626,-0.6931836265586262
1769,0.0,7.40603291642998,-7.40603291642998
493,0.0,2.4596451927701914,-2.4596451927701914
3961,0.0,1.0402597818847819,-1.0402597818847819
4748,1.0,1.1071226458726455,-0.10712264587264553
4467,0.0,1.3254186507936512,-1.3254186507936512
4797,0.0,0.683832704332704,-0.683832704332704
3351,1.0,3.740558820808823,-2.740558820808823
4461,5.0,2.8031801439301454,2.1968198560698546
319,10.0,3.2731794218853025,6.7268205781146975
3738,20.0,3.26161244692127,16.73838755307873
4346,2.0,0.923343166093166,1.076656833906834
4834,0.0,3.2854603520118206,-3.2854603520118206
3715,9.0,2.20901762166855,6.790982378331449
603,0.0,1.0881126670156474,-1.0881126670156474
2686,2.0,0.6269498954204836,1.3730501045795163
3910,0.0,2.2153927322677323,-2.2153927322677323
3474,7.0,4.177514858006347,2.8224851419936527
3790,2.0,4.26525557313057,-2.2652555731305704
449,0.0,0.7965099992599994,-0.7965099992599994
3784,0.0,1.5464786640374881,-1.5464786640374881
267,3.0,3.761920880045881,-0.761920880045881
635,0.0,0.23808497526125222,-0.23808497526125222
1168,3.0,0.3926809533059533,2.607319046694047
737,1.0,1.7883042975542978,-0.7883042975542978
3794,1.0,1.6618610833610845,-0.6618610833610845
4069,0.0,1.2191329231770405,-1.2191329231770405
4358,15.0,4.325063218644099,10.6749367813559
819,0.0,0.5213105690605689,-0.5213105690605689
3322,0.0,1.9212929847929843,-1.9212929847929843
4068,0.0,3.841581035522212,-3.841581035522212
497,2.0,1.1424464794464786,0.8575535205535214
2993,6.0,3.3014294575250465,2.6985705424749535
2642,0.0,1.4631337690087685,-1.4631337690087685
4205,2.0,0.6319379308055778,1.3680620691944223
4451,1.0,5.152759666259664,-4.152759666259664
2365,2.0,1.884129176379176,0.1158708236208239
4568,5.0,2.5334310134310147,2.4665689865689853
2106,1.0,2.593019734894735,-1.5930197348947348
1918,1.0,1.2326562511562513,-0.23265625115625133
1434,6.0,3.4490057858807837,2.5509942141192163
880,0.0,0.23827778635360797,-0.23827778635360797
556,2.0,1.5513333544782215,0.4486666455217785
738,3.0,0.7304702380952383,2.269529761904762
1096,2.0,1.470578643034525,0.5294213569654751
1932,4.0,2.5310971389721386,1.4689028610278614
2861,0.0,0.894637125787487,-0.894637125787487
163,1.0,3.505385459082826,-2.505385459082826
2247,11.0,0.6494221380471381,10.350577861952862
4747,1.0,0.14840796368595316,0.8515920363140468
3103,12.0,10.212219923594917,1.7877800764050829
3844,1.0,1.3849885231870518,-0.3849885231870518
1814,11.0,5.860845945720942,5.139154054279058
1248,0.0,0.4903101571058224,-0.4903101571058224
3233,2.0,5.080317867589926,-3.080317867589926
3638,2.0,1.1493647613153433,0.8506352386846567
535,1.0,0.5527316871581579,0.4472683128418421
2817,0.0,1.6903926297014542,-1.6903926297014542
3210,7.0,3.057025123025124,3.942974876974876
2957,3.0,1.8228581048581058,1.1771418951418942
2076,0.0,0.8225207477707477,-0.8225207477707477
423,0.0,2.256361638361641,-2.256361638361641
1006,0.0,0.7993825882305746,-0.7993825882305746
4290,0.0,0.10517827655144878,-0.10517827655144878
524,2.0,0.9806325387575384,1.0193674612424615
1647,1.0,1.3609726765609107,-0.3609726765609107
2728,5.0,2.0209220917970923,2.9790779082029077
1156,0.0,2.1681108197358183,-2.1681108197358183
3600,1.0,1.3196326312576308,-0.31963263125763075
1976,0.0,1.621605380730381,-1.621605380730381
4053,1.0,1.7282096381287544,-0.7282096381287544
3554,1.0,2.349394536019535,-1.3493945360195352
4445,2.0,1.2110306537144775,0.7889693462855225
4359,3.0,2.041527990527991,0.958472009472009
857,0.0,0.5673368621931157,-0.5673368621931157
494,2.0,4.788095497095497,-2.7880954970954974
3230,4.0,3.3217274577274565,0.6782725422725435
3057,1.0,0.8131333835010305,0.18686661649896952
586,5.0,4.008303751803753,0.9916962481962468
101,4.0,3.4804000906500905,0.5195999093499095
905,0.0,0.4478776223776224,-0.4478776223776224
2223,2.0,5.713842315092314,-3.7138423150923137
1106,2.0,1.5485357466607463,0.45146425333925366
3236,0.0,2.358584443334442,-2.358584443334442
1629,0.0,0.9749813242313242,-0.9749813242313242
3276,0.0,3.8105509936686404,-3.8105509936686404
1464,3.0,2.916942504391034,0.08305749560896603
4032,3.0,0.914358086358086,2.085641913641914
3612,4.0,1.640839565935153,2.3591604340648473
1372,3.0,3.5009176194176197,-0.5009176194176197
4222,10.0,5.7124621397121365,4.2875378602878635
4597,2.0,2.9822814037814056,-0.9822814037814056
4212,1.0,1.1207793448381675,-0.12077934483816755
895,0.0,0.14298021411152936,-0.14298021411152936
4125,2.0,1.164696067821069,0.8353039321789311
2790,3.0,2.202760036260037,0.7972399637399632
1269,0.0,2.9457559553736035,-2.9457559553736035
1569,0.0,1.2062913185594109,-1.2062913185594109
