plot_id,mean_chm_actual,mean_chm_predicted,residual
817,0.14944204959901017,0.5516804697458215,-0.4022384201468113
2565,4.468362350892141,0.9126168179636361,3.555745532928505
4739,1.4831833781231842,1.2970652922633115,0.18611808585987277
2580,1.2028063529097537,1.7823674206395335,-0.5795610677297798
745,4.097344508114439,1.9140286241659097,2.1833158839485294
136,0.191712199408981,0.7676846644606206,-0.5759724650516396
1094,0.42949293832525487,0.8745269693986388,-0.44503403107338396
4059,1.1354964858994852,1.33340797550785,-0.1979114896083649
2610,0.1047788312050219,0.6229615160181711,-0.5181826848131492
2541,1.3606897505287177,1.2578097360553804,0.10288001447333728
176,0.80473918073902,0.6872828003052627,0.11745638043375728
939,3.2815811657032756,1.2678446744732679,2.0137364912300075
1301,0.08909214332100947,0.20580298631180213,-0.11671084299079267
1375,3.215117997925311,1.0959220548909683,2.1191959430343426
2505,1.280279243071255,1.6591533138027832,-0.3788740707315281
1037,0.09801777819424846,0.6956264878958742,-0.5976087097016257
3229,2.039539210222112,0.6229831632956384,1.4165560469264737
480,2.229008574946423,1.3223018645089513,0.9067067104374715
3401,0.1102439303881786,0.4949937002169607,-0.3847497698287821
3178,2.2635680999373435,2.1338911468365276,0.12967695310081595
1473,2.3143037297963898,1.3485492078281132,0.9657545219682766
3698,0.7984478562551781,0.9218805426681275,-0.12343268641294936
1986,0.09878622219224971,0.4066376034985059,-0.3078513813062562
3969,0.36387446995411893,0.7638322465028452,-0.3999577765487263
3342,2.6699288865524293,1.140950651710959,1.5289782348414702
1505,2.338549588993999,0.75792333978319,1.580626249210809
3494,0.2959864834139664,0.70536265821835,-0.4093761748043836
1822,1.8082984533880646,1.6047761899933888,0.20352226339467583
3543,3.293370926176593,1.7270658794949452,1.566305046681648
2265,0.08470822930668712,1.0868934973180306,-1.0021852680113434
555,7.1743783815071165,1.894619488949398,5.279758892557719
2010,4.0083033445129574,0.9828696681042887,3.0254336764086687
1619,0.40293258850342123,0.6765060675744018,-0.27357347907098056
550,1.2326801037931538,2.237313485810728,-1.0046333820175741
3615,1.7722401452120127,2.359123584772167,-0.5868834395601543
1823,1.1991347568520212,1.311213525507748,-0.11207876865572675
4600,2.676664482485067,1.1519012217564717,1.5247632607285955
332,0.17477422366352202,0.5358113514411194,-0.36103712777759733
4122,0.47019638960297433,1.5781876416578562,-1.1079912520548818
3621,1.896033146319107,1.7209480845616167,0.17508506175749017
1331,0.061842618413934125,0.486629313182958,-0.42478669476902386
4526,0.19639563116428208,1.1937638426182398,-0.9973682114539577
2184,0.06918728637695312,1.4354772114034593,-1.3662899250265061
3049,0.5460264493328272,0.38011612489706054,0.16591032443576664
3369,0.17352626183220954,0.9113370112827482,-0.7378107494505387
503,0.13780979474041224,0.44708569247999563,-0.3092758977395834
662,0.2334030808758166,1.099240499854662,-0.8658374189788455
2834,0.09677291797559336,0.4317931243775373,-0.33502020640194397
1564,0.49545621514022103,0.9994012775393292,-0.5039450623991082
2971,1.5761089668979855,0.6980972087423488,0.8780117581556367
4332,0.14176165771484375,0.22910880270422165,-0.0873471449893779
3275,4.00246601286841,1.4495179216776792,2.552948091190731
1187,0.12452575333468834,0.2066787756111124,-0.08215302227642406
1970,3.1118935409375763,1.2581300928375938,1.8537634480999825
4609,1.420092137777242,0.9598162224261051,0.4602759153511369
3770,1.1514958616827082,1.3718845583642172,-0.22038869668150896
58,0.06190282185872396,0.19272303557706566,-0.1308202137183417
3489,3.434364196923905,1.45393197655113,1.980432220372775
783,1.1205442613211856,0.8016211080999465,0.3189231532212391
2940,1.50112707330473,2.3986437170472406,-0.8975166437425106
690,0.22053350094542,0.852459315386276,-0.6319258144408559
3501,3.5621457718601945,1.3519552905765577,2.210190481283637
146,1.1058580776078022,0.7669720643615541,0.3388860132462481
3113,0.10183740641076679,0.9628470505827194,-0.8610096441719526
2388,0.5216609431697322,0.8318044987855688,-0.3101435556158366
3346,0.48736023606387197,1.1761046483745008,-0.6887444123106288
965,0.187725189906151,0.6060384828940493,-0.41831329298789827
1636,0.16212439066627796,0.6860664448600036,-0.5239420541937256
2810,0.3221027967551884,1.2206268198299777,-0.8985240230747893
1119,6.06800800879397,1.8190253580807485,4.248982650713222
741,1.39854501296011,0.9075341890696559,0.49101082389045414
661,0.4169059623367831,1.0850710137203832,-0.6681650513836
532,0.11410552716638549,0.2705685136323928,-0.15646298646600731
261,0.267005808844207,0.6883585606963508,-0.4213527518521438
3125,0.36727984480905934,0.8511947304062142,-0.48391488559715484
1770,2.797726621142619,1.585154778982547,1.212571842160072
3962,0.10627795673326078,0.4615585106576911,-0.3552805539244303
2038,0.3682773938843862,0.6715593850158165,-0.3032819911314303
932,0.19051311823326772,0.36775322712733904,-0.17724010889407132
2146,0.06628221688067566,1.4992150809034548,-1.4329328640227792
4234,0.11678481038411459,0.4833165735556711,-0.3665317631715565
180,0.2873360145049283,0.6209903985515354,-0.3336543840466071
1128,2.2373129062161485,1.6122166179669193,0.6250962882492292
1287,0.07454978649750761,0.6402357289524819,-0.5656859424549743
2760,0.2599006134527312,0.6800805424336162,-0.42017992898088496
4821,2.074520624534084,1.0092804713165773,1.0652401532175069
3259,1.023333305069711,0.6323261935123007,0.3910071115574104
2561,1.8145428890306123,1.2571450911544804,0.557397797876132
2457,0.5251270470020951,1.111667701169816,-0.5865406541677208
247,2.8620495936104504,1.3909696332168662,1.4710799603935842
1868,0.14578828962518214,0.5078509586289351,-0.362062669003753
2020,0.1005640603336617,0.6282613211259321,-0.5276972607922704
2805,0.9180569793407857,1.38272986360915,-0.4646728842683644
533,0.08577897742954299,0.7980147027252344,-0.7122357252956915
522,0.0701680447084756,1.2370801778350584,-1.1669121331265828
2995,0.7612056063491235,0.9661019594200166,-0.20489635307089316
326,0.1013036746840327,0.6680821914996542,-0.5667785168156215
4501,5.453097199809665,0.976640043987804,4.476457155821861
2136,0.18486933855380022,0.45760448126211006,-0.27273514270830984
2046,0.11805854012937948,0.4908483993467906,-0.3727898592174111
1869,0.1729872822612213,0.8222670486582317,-0.6492797663970105
2414,2.5901533060144812,1.2915001039866514,1.2986532020278299
2927,0.07413487273373044,1.6110481411318178,-1.5369132683980873
408,0.12419999369645233,0.5301139642032677,-0.4059139705068154
4598,0.7712826353976234,0.8311150725901215,-0.05983243719249809
4333,0.13496687131591734,0.3924644847177439,-0.2574976134018266
1512,0.9376126771907216,0.7529148297332902,0.18469784745743145
812,0.09510841890152899,0.5783485606700473,-0.48324014176851826
2825,0.3930889103203014,1.2000615171149487,-0.8069726067946472
2660,0.8732938888766907,0.9769391856682921,-0.1036452967916014
1457,0.09602666475614839,1.539840913109705,-1.4438142483535568
2973,1.6057224639683798,0.6862306770205474,0.9194917869478324
4500,4.73012206258846,2.0077937603915634,2.722328302196897
3596,1.506742519875376,0.8782322306997948,0.6285102891755813
1973,0.3154111482618651,0.8010750626839152,-0.48566391442205004
1531,0.08968413388906071,0.5485345986643736,-0.4588504647753129
1246,0.061967120048979515,0.4541531208590617,-0.39218600081008215
4777,1.7106399523402303,1.1085273365703208,0.6021126157699095
4060,2.123939908751145,1.4762221769280277,0.6477177318231173
3116,0.28276085839639875,0.7042228388898956,-0.4214619804934968
2132,0.5939103712729358,0.7941812935103248,-0.20027092223738907
799,0.06133456253886816,0.2655082076108184,-0.20417364507195024
139,0.24786765627611565,1.3481540341994191,-1.1002863779233034
4085,2.314321503131524,1.20084924464668,1.113472258484844
2093,0.4081391466785833,0.47513966057693974,-0.06700051389835643
3536,0.10920161856916959,1.473304568606297,-1.3641029500371276
1062,0.5326883819513923,0.9593634453374428,-0.42667506338605043
3256,0.06631849002289635,1.2467506551198824,-1.180432165096986
3107,0.7598289775584611,0.3452137781212384,0.41461519943722275
1632,2.1769025091633223,0.9681774689018436,1.2087250402614786
2830,0.09418276517615529,0.5078065558022835,-0.4136237906261282
1117,5.056930000936408,1.4501067420283016,3.606823258908106
1913,1.0982318360979868,1.7277942496672105,-0.6295624135692237
2795,0.8599075303440901,2.0504848949597734,-1.1905773646156832
607,0.09880005141920417,0.4541522697704428,-0.35535221835123865
4327,0.6999854154512876,1.2562516891358129,-0.5562662736845253
1443,0.6785602243659873,1.2529338134989498,-0.5743735891329625
2905,0.22987006055746767,0.5506384921987308,-0.3207684316412632
4011,3.0236094485047045,0.9767838922424704,2.046825556262234
2351,0.5744494255098576,2.0554648496829824,-1.4810154241731248
2111,1.7479597909200766,1.0652713447768112,0.6826884461432654
2479,1.2083119983573152,1.2578927589729878,-0.049580760615672625
3037,0.09667040854076199,1.3112811881110369,-1.214610779570275
3311,5.895082027015759,1.4988881099140765,4.396193917101682
1749,0.0869738472298751,0.518937548242555,-0.4319637010126799
2268,0.08062524818806278,0.43780944778766934,-0.35718419959960657
3262,0.5194054101986313,1.213570485682871,-0.6941650754842398
2099,1.2131924641927083,0.870002881816873,0.3431895823758353
4064,0.4816057090565592,1.2225406601043942,-0.740934951047835
544,0.0771199523946106,0.3441384504544884,-0.26701849805987776
2423,1.8269826566992289,1.4692337662332522,0.3577488904659767
1155,0.10030778460750249,1.1252665961262225,-1.02495881151872
225,2.788879703993849,0.7947322315373535,1.9941474724564956
2582,0.2805226368764043,1.9475735365743565,-1.6670508996979523
2425,1.5256950661875328,1.5655005485406794,-0.039805482353146626
348,0.8727832521089831,1.0040762458518464,-0.1312929937428633
3683,1.2751675179660733,2.0706600433507,-0.7954925253846268
2658,1.1718067508611387,1.9636605812701946,-0.7918538304090559
4262,0.09040006510416666,0.24358481249467648,-0.1531847473905098
3363,0.2597924447091378,1.2229977437395152,-0.9632052990303774
4228,1.0857872662684882,1.901010093901414,-0.8152228276329259
907,0.12941420067363713,2.2840436201917416,-2.1546294195181046
1584,0.3389960000090979,1.5089802566703077,-1.1699842566612098
4588,0.4519565397827087,0.6116271662031632,-0.15967062642045443
2873,0.40379526072885447,0.6223593183509571,-0.21856405762210268
2138,0.26042483524327287,0.47957768445416193,-0.21915284921088907
1271,0.22653674531028664,0.9757795170800408,-0.7492427717697542
50,0.10782163423467486,0.33264925577293664,-0.22482762153826177
343,0.3444442858299457,0.6291507229723469,-0.2847064371424012
4100,0.09604206696382127,0.7354263840325593,-0.6393843170687381
1253,0.08618484416981692,0.2003022500271687,-0.11411740585735178
3831,1.1006968079620463,1.2693800517380485,-0.1686832437760022
4446,1.9419926107476246,1.2012127521032459,0.7407798586443788
1108,0.07250240656085336,0.6702534298895182,-0.5977510233286648
1288,0.1029386807646603,0.5578746983287602,-0.45493601756409996
4783,4.002228907867495,1.3222542059770719,2.6799747018904228
2690,1.1604696360812277,1.4190144023044953,-0.2585447662232676
578,0.85441259765625,1.4551062828127193,-0.6006936851564693
1130,1.3369656406445556,1.302255559171429,0.034710081473126486
1133,1.2022767545026714,1.1395600582758296,0.06271669622684173
3725,2.5011710280812207,2.0118823878191594,0.4892886402620613
4828,0.24760650694958086,0.692684020292146,-0.4450775133425652
3395,4.217490223798217,1.094712714320563,3.122777509477654
3418,1.3810402833458615,1.1479855750778427,0.23305470826801877
940,0.43379880866510295,1.1629408256022615,-0.7291420169371585
4837,1.1076324104577817,1.0188652070378648,0.08876720341991695
4223,0.5291808361103602,1.1073887847825092,-0.5782079486721491
3101,0.9079378084922376,0.7538436627881417,0.15409414570409585
2376,0.07681560675327227,0.6683153182299947,-0.5914997114767224
2212,1.0217223601342045,0.896030039990533,0.1256923201436715
2719,0.28542642631581694,0.8458454676634455,-0.5604190413476285
3114,0.3233046212187591,0.8412586510040274,-0.5179540297852683
4265,0.05653165181477864,0.943607978283121,-0.8870763264683424
3297,1.9195310880493366,0.835784700512692,1.0837463875366447
2312,0.14221465972930897,0.30272813666407644,-0.16051347693476747
3863,0.12853328792659846,1.1029955664766153,-0.9744622785500169
2644,0.06784533111783435,1.1287173607238,-1.0608720296059655
3183,0.40035205187869394,0.4524176690901281,-0.052065617211434156
4759,1.2298060358369638,1.101250894970598,0.12855514086636588
2125,0.9785999830304929,1.1168416196771511,-0.13824163664665823
2869,1.2526811005717255,1.4144471665878773,-0.16176606601615173
3769,2.7551484988808697,1.2429324399895514,1.5122160588913183
4076,0.0747234815954715,1.1093964358007273,-1.0346729542052557
1318,0.26719387667071215,0.7572973372316003,-0.49010346056088816
510,0.17533053820886996,0.3467863389030527,-0.17145580069418276
2528,1.3382643372394756,1.8612227423159258,-0.5229584050764502
1738,0.18070826868772547,0.8870082174087588,-0.7062999487210333
4203,0.6984739474372385,0.6880481710278978,0.010425776409340615
1360,0.8243680911208059,1.0931355074949787,-0.2687674163741728
2048,0.11788571032219404,0.6284285090029733,-0.5105427986807792
2720,0.6226754981412446,1.3498146150450423,-0.7271391169037977
2493,0.7511762763367852,1.8236322809845797,-1.0724560046477944
2867,2.954603180981731,1.19317196645944,1.761431214522291
179,1.93373007485061,1.239895109710362,0.693834965140248
119,0.0834089609781901,0.7673513662850139,-0.6839424053068238
3603,0.11969293212890625,1.0375801386159345,-0.9178872064870283
1964,2.644647702183017,1.737543939303918,0.907103762879099
2865,0.300070463417369,0.9892526423224017,-0.6891821789050327
3658,1.9391603933789667,1.3401596130279316,0.5990007803510351
3653,1.3865842193983402,1.1760262307954181,0.21055798860292207
2438,1.2671074627807217,0.7339011613743129,0.5332063014064088
4283,0.07261557482051309,0.9628874435119815,-0.8902718686914685
3803,0.647929931640625,1.9109536010029662,-1.2630236693623411
2736,0.6662872856004749,0.6948052125636682,-0.02851792696319333
2401,0.5336080905315841,0.5065759817811657,0.027032108750418393
2870,0.19388434216701586,1.1975198531266529,-1.003635510959637
3377,1.930764245673517,0.7902744474671596,1.1404897982063575
4129,0.06758735684083782,0.8400556940592095,-0.7724683372183717
686,0.8455258365521874,0.9024278282159492,-0.056901991663761864
4768,0.7291304315352481,1.2007448461844275,-0.4716144146491793
2571,2.2436770867777134,1.544734056613321,0.6989430301643924
902,0.08481425789470223,1.1388883373402625,-1.0540740794455603
1406,0.17734445593896248,1.1928106014921025,-1.01546614555314
3760,1.4459132860093467,2.1112010627955273,-0.6652877767861807
3077,1.3326333050555719,0.9958693937007856,0.3367639113547862
602,0.118678510397777,0.4554408382446936,-0.3367623278469166
4376,0.5735856066668759,0.8657133175179177,-0.29212771085104183
2170,0.08009733520692675,0.9909054854964593,-0.9108081502895325
3140,1.0601567792152475,1.3587468446255475,-0.2985900654103
621,0.08715202622040957,0.2427689176436763,-0.15561689142326673
1989,0.09336247810339622,0.6773676906100111,-0.5840052125066149
2555,2.401553788148738,2.6532833807146945,-0.2517295925659564
3539,1.8530323557331219,1.7863508655088527,0.06668149022426917
1109,0.6805233782300486,1.2844696595256073,-0.6039462812955587
4860,0.21871690560650353,1.6812644584981238,-1.4625475528916203
2952,3.2186936365685943,0.8899391825649867,2.3287544540036076
1846,0.3500484753850785,1.1616606881185774,-0.8116122127334988
1050,0.10404681273116795,0.8380464730159635,-0.7339996602847956
2348,0.3861200945340078,0.7937782871359442,-0.4076581926019364
4581,0.182222251136862,0.9823466047812565,-0.8001243536443945
4726,0.7972270242778056,0.7282833741362614,0.06894365014154413
2975,0.8131022527349913,0.9513470312595388,-0.13824477852454753
258,0.13559997055311102,1.1328371638910764,-0.9972371933379653
3815,0.0662296738499131,0.9975149439180683,-0.9312852700681552
2083,0.07675783489635456,0.9718825139466394,-0.8951246790502848
765,0.39768392156532467,0.5412426605078978,-0.14355873894257315
1892,0.28968648729263924,0.8735222535803961,-0.5838357662877569
2275,0.8278718442631491,0.739335534129614,0.08853631013353513
2461,0.5589243049381822,1.2479797556755625,-0.6890554507373803
4323,0.30285870809880455,0.9350889453334283,-0.6322302372346238
4780,1.9361488355602194,0.9261062228233916,1.0100426127368278
2240,0.340756688957779,0.7398530960799641,-0.3990964071221851
2377,0.0645049510734808,0.32891778891635925,-0.26441283784287845
618,0.0667109376220398,0.5692164004974328,-0.502505462875393
446,0.8478652347001415,0.7566630424503323,0.09120219224980919
1011,0.5017979035610708,0.9261544244439792,-0.42435652088290843
3227,0.8063391987319747,1.48058333501124,-0.6742441362792654
4139,2.8286804326322366,0.6947953548578338,2.1338850777744027
4288,0.05007530279784098,0.28810338540145225,-0.23802808260361127
4593,0.9527414229442088,0.7073488817607111,0.24539254118349774
3373,0.24512005471873438,0.8782424237872858,-0.6331223690685515
1527,0.06998813781509265,0.846158958381194,-0.7761708205661014
1949,2.342536469139004,0.9260415341705978,1.4164949349684064
3588,0.4889157777240576,0.7988541167893806,-0.309938339065323
4275,0.3276512441865885,1.30775968846383,-0.9801084442772416
131,0.28285665729027787,0.3598126482670573,-0.07695599097677941
856,0.12068156938474524,0.8389038211124713,-0.718222251727726
2332,0.7899689298523647,0.8439083688151178,-0.053939438962753106
4087,2.4134517619459257,1.0369654787862983,1.3764862831596274
3597,0.8471303005585978,1.2546641743015414,-0.4075338737429436
173,0.8636355626990094,2.0245169613882985,-1.160881398689289
972,3.7556404118845643,1.2739720646502497,2.4816683472343146
4055,0.8372605715054775,0.9455570197396584,-0.10829644823418094
3078,1.6050661584121053,1.6324764967607408,-0.027410338348635488
1739,0.09599146086922597,0.5515685976088918,-0.4555771367396658
4825,0.16365221681870395,0.7671008006180826,-0.6034485837993786
2213,0.544501262164815,0.9250045903372611,-0.38050332817244614
3218,0.5739437037003366,0.5608617449667678,0.013081958733568877
3645,3.1375859439619522,1.2011836559034583,1.936402288058494
2122,4.180499960986267,0.9221149115861355,3.258385049400131
3867,0.06325668334960938,0.769948731483363,-0.7066920481337535
3895,0.09191073366292829,0.9360621208291834,-0.8441513871662552
2027,0.31275592139188685,0.5323903792302552,-0.21963445783836838
3840,0.08700044631638465,1.000093205590442,-0.9130927592740572
1767,0.20169250366292263,1.2926281628502514,-1.0909356591873287
4127,0.35962817533390984,0.8676080744988444,-0.5079798991649345
1004,1.6214236435012437,1.0260345934784858,0.5953890500227579
2883,1.0962430092534896,0.7490076231399279,0.34723538611356175
3481,1.941163553031565,2.654088078525259,-0.712924525493694
1264,0.06928103486799592,0.4462243569265471,-0.3769433220585512
463,0.6790807522528645,0.8384882012766423,-0.1594074490237778
904,0.3503068264816361,1.0614536412023499,-0.7111468147207138
500,0.09546634499016199,0.6150358662327375,-0.5195695212425755
3810,0.3131793080105964,0.8696043658305377,-0.5564250578199412
525,0.07439215228693895,0.7554181741797892,-0.6810260218928502
2917,1.1349608886433753,0.7426592062891995,0.39230168235417584
4220,2.4044476905146013,0.868487954889915,1.5359597356246861
96,2.5848470241938846,1.5424928707333543,1.0423541534605303
2168,0.06774282776309648,0.49018785075384347,-0.422445022990747
771,0.1129755649494311,0.8514915623256848,-0.7385159973762537
4758,1.0263375257447782,0.8591093957040818,0.16722813004069637
485,0.051994140625,1.2833943832370953,-1.2314002426120954
699,0.10163264337058013,1.6448935727890508,-1.5432609294184707
195,0.08828569884845755,1.6944625888714646,-1.6061768900230071
3631,0.20010238923837978,1.161163522715953,-0.9610611334775732
944,2.918802712411495,0.9916301390275294,1.9271725733839657
4149,0.3048920201116465,0.3662712413141269,-0.061379221202480405
2899,0.8691185502066464,1.7783266727636657,-0.9092081225570193
2721,0.06929577302014751,0.33163109941470903,-0.26233532639456153
1270,0.13126823272056526,0.4395304957921352,-0.30826226307156995
648,0.2624743811353175,0.8946868065869609,-0.6322124254516434
2211,3.8911893949634004,1.1118066589465387,2.7793827360168617
1344,1.40043779825672,2.5575316346681585,-1.1570938364114385
4193,1.8772181508112094,1.0736731394927241,0.8035450113184852
2959,0.6623965463556057,0.6081378428623648,0.05425870349324091
1528,0.07422372935726822,0.8894861878123698,-0.8152624584551016
3059,1.3569999522959815,1.2916170137262724,0.06538293856970911
4575,0.5393305855785296,0.6328676675672824,-0.09353708198875277
2965,0.6158303467388805,0.9495307686386125,-0.33370042189973204
3472,0.962752882742856,1.388809751061679,-0.42605686831882306
1666,4.999386216415738,1.5333329933074087,3.4660532231083296
3618,0.7262544802867383,0.6368817633400377,0.08937271694670068
773,0.8114136637966978,1.0448255522259533,-0.23341188842925553
1982,0.7394303015973098,0.4435294600430518,0.295900841554258
4273,0.08207405090332032,0.17481703525628892,-0.0927429843529686
521,0.45824037405897117,0.5470750977983367,-0.08883472373936557
1542,0.11091560069941588,0.681295982581089,-0.5703803818816732
3629,0.9067001941707032,1.365668465802586,-0.4589682716318827
2670,0.19181634853257928,0.2974885488338772,-0.10567220030129792
789,1.0190555868883377,2.313688678083786,-1.2946330911954482
1164,0.07459442647298177,1.3615177158076872,-1.2869232893347053
1448,0.1844395854408268,1.3739058846146748,-1.189466299173848
278,0.1522250937428254,1.172362037932754,-1.0201369441899286
47,0.023362207881531462,0.44645433661115713,-0.42309212872962565
2368,0.08562238742882819,0.6578619803271566,-0.5722395928983284
2933,1.3204417039595036,1.197600651733374,0.12284105222612962
2419,1.4247821282628639,0.9607016058052259,0.464080522457638
2269,0.08161120156822964,1.6175961265882797,-1.5359849250200501
2958,0.37848463596033405,0.5815296698085537,-0.20304503384821965
3606,1.7378640427513183,0.9233380546278335,0.8145259881234849
1368,1.6006788528340252,1.4169640075342171,0.18371484529980808
3485,4.722541045318601,0.9541190465506401,3.768421998767961
1804,1.1230737640801,0.6931990071817283,0.42987475689837173
2936,0.6171178725159284,0.6794614148499594,-0.062343542334030944
821,0.11562421135303537,0.3659338804422951,-0.2503096690892597
3734,0.2690558375775311,0.9288133341910642,-0.6597574966135331
606,0.09910551778600833,0.49542866185025264,-0.3963231440642443
3828,0.4177353024113349,0.8060087691077193,-0.38827346669638446
1678,1.047416629063726,2.1158748255756876,-1.0684581965119617
161,0.23674291794889818,0.5198432729337797,-0.28310035498488156
4028,0.28520053986061744,1.141503164631961,-0.8563026247713437
1772,0.5012924535134851,0.7531288075646818,-0.25183635405119675
1759,0.2019342997970237,0.4599877178957161,-0.25805341809869237
1593,0.613997703846074,0.6672416533316851,-0.053243949485611064
4385,0.049602471950075465,0.9776369734211372,-0.9280345014710617
3562,0.2562375443046883,0.6478775382102248,-0.39163999390553644
3250,0.36459637929770283,0.5166541771137642,-0.15205779781606132
4023,0.21457044684874166,0.5617802954842623,-0.3472098486355207
1016,0.3475512953931729,0.733033936320932,-0.385482640927759
3422,1.4976245645278703,1.2432396008298874,0.2543849636979829
4364,0.846300842390191,1.2396628103713225,-0.39336196798113154
4268,1.3642807190219643,1.1178451685673931,0.24643555045457122
2372,0.10146718725191663,0.43889518725568366,-0.33742800000376705
4132,0.07358899919388642,0.41932788770461255,-0.3457388885107261
3577,1.1552188954454787,0.9861127079748084,0.1691061874706703
707,2.5644707742031545,2.488582888383747,0.07588788581940742
4505,2.6253344742550753,1.5034792180571612,1.121855256197914
4118,0.444024392346652,0.46336933780809636,-0.019344945461444385
4326,1.924837082222037,1.7595107922786741,0.16532628994336296
3655,0.8187924339657738,1.1079193355513268,-0.289126901585553
4656,3.983246607039097,2.193735490006883,1.7895111170322142
1224,0.009250991408889358,0.5673031446835587,-0.5580521532746693
3451,0.4269015310027565,0.610001680472749,-0.18310014946999253
2190,0.1982510973091823,0.8061001713812095,-0.6078490740720272
3149,0.7988704736217329,0.8586241760063469,-0.05975370238461397
691,0.0893903532234916,1.0496164358512332,-0.9602260826277416
3032,0.10439216675131954,0.6712161870674164,-0.5668240203160968
3757,1.3310846414289248,1.7082685377855658,-0.37718389635664096
2226,4.006506604947306,1.061536608487006,2.9449699964603004
3608,0.9194333475577731,0.29822407088193154,0.6212092766758415
1870,0.08453751436456251,0.8092133957540312,-0.7246758813894687
1858,0.10098646927261225,0.6638018792795,-0.5628154100068877
3745,1.2161863011608178,0.7134384841136296,0.5027478170471882
2759,0.12442815152050919,0.4412529435242521,-0.3168247920037429
4633,1.1571976753998754,1.405210627923934,-0.24801295252405864
3431,3.27546541999667,0.5670005858170969,2.708464834179573
3216,0.18059540680442712,0.6365277219234083,-0.45593231511898125
1467,1.663030260912288,0.6782400128619068,0.9847902480503812
4400,0.07832129366549864,0.7525138074115164,-0.6741925137460177
4402,0.11660983476461614,1.0816234288852977,-0.9650135941206816
1409,0.206712148746616,0.9973780219568091,-0.7906658732101931
4785,3.7873144418575904,2.199219391349286,1.5880950505083042
845,1.8063725463715254,1.1458442627044405,0.6605282836670849
3759,2.158405764580891,2.5120452757745015,-0.35363951119361037
1292,0.06885545597756478,0.5293570496885271,-0.4605015937109624
847,0.8242109921644833,1.0271635650993491,-0.2029525729348658
4840,2.1539171511627906,1.2979445546298458,0.8559725965329448
3237,0.07890612236299809,0.7157319378410052,-0.6368258154780071
1204,0.07128858943811724,0.5019128234618433,-0.43062423402372607
2336,0.17183857677079886,0.5382360685070442,-0.36639749173624536
4624,1.8940617627886764,2.047528996360681,-0.15346723357200442
2881,0.6973739781750167,0.9640300020327632,-0.26665602385774656
3677,1.1996107401397904,0.9852284579087832,0.2143822822310072
1297,0.0897981275564037,0.3099255855462795,-0.22012745798987582
1558,3.9634058405658017,1.258062361866508,2.7053434786992936
217,0.5625821855791905,0.4268739819538385,0.13570820362535196
4851,1.7173768058979608,1.3282353990204014,0.3891414068775594
2742,3.3462599734042553,0.6107506376188515,2.735509335785404
4165,0.6546845993988605,1.8947143968164104,-1.24002979741755
4102,0.111800537109375,0.7014838912453598,-0.5896833541359848
4048,0.730386860528786,1.2297213364318509,-0.4993344759030649
4431,0.33684143357002133,1.1675744602146163,-0.8307330266445949
4054,1.3126618939015824,0.9917575330632593,0.3209043608383231
4464,0.6570505903539924,0.8739383088894482,-0.21688771853545585
2519,0.7918990737771064,0.9939436683508872,-0.20204459457378077
3747,2.0861152630569153,1.9528895309449108,0.1332257321120045
759,1.8183700950274433,1.207541552546491,0.6108285424809523
4409,0.16122167732171439,1.4599629971358306,-1.2987413198141162
3383,2.6479767419102296,1.657383315458171,0.9905934264520586
4669,0.36575362658099264,1.8829498512532699,-1.5171962246722772
2088,0.18111409242103954,0.548575367899542,-0.36746127547850244
1161,0.32482544992995377,1.107116601082049,-0.7822911511520952
3942,0.8863572918833195,1.696468439304626,-0.8101111474213066
89,4.564564005717773,1.6925908326723436,2.871973173045429
3464,0.4188408786390557,0.6807903374757575,-0.26194945883670173
2844,0.12165867720348546,2.3082589217983376,-2.1866002445948522
961,0.10192934812043777,0.6964140380203586,-0.5944846898999209
3372,0.8736699303441878,0.4960710877518308,0.37759884259235704
3904,2.163905121440798,1.4981738385985846,0.6657312828422135
3407,0.11030520097995511,0.6571144809678738,-0.5468092799879187
2643,0.8000820299285352,1.3418842275271365,-0.5418021975986014
1741,0.35460488969669196,0.47527889139372864,-0.12067400169703668
3517,0.49308603670944706,0.7457370254304639,-0.2526509887210169
1640,0.07921936981358872,1.087962366669237,-1.0087429968556483
2144,0.134850297814165,0.5854058465640168,-0.4505555487498518
974,2.6788235275072525,1.2071065824402234,1.471716945067029
2550,0.1741983642275246,2.382857797581421,-2.2086594333538963
4135,0.2699445033621605,1.5187615919563011,-1.2488170885941405
805,0.15940201539503004,0.3458752378558254,-0.18647322246079537
342,1.1158889636715756,1.8830368008059213,-0.7671478371343456
1196,0.06395446106180752,0.36990137277297236,-0.30594691171116484
2514,0.650859375,1.5588466590192949,-0.9079872840192948
72,0.7242139485677084,0.9052721564227993,-0.18105820785509097
1057,4.309192559097421,1.119684605394878,3.1895079537025435
2776,1.3294020620571072,1.2396799931684974,0.08972206888860979
3965,1.3024318752099782,0.8009497340257076,0.5014821411842706
3902,2.067931236951983,1.3750704072644802,0.692860829687503
1794,0.36351204871813564,0.5508741043175128,-0.1873620555993772
4310,0.056106908199744496,0.8809313455726263,-0.8248244373728818
2387,1.1388210481372498,0.9079381855187244,0.23088286261852542
3188,1.6954554668718396,1.3791019204330413,0.3163535464387983
2262,0.06950577489091402,0.8046661177109856,-0.7351603428200716
1717,0.3838487538926709,0.8253056420066639,-0.441456888113993
1475,2.334007777396405,1.249194490911751,1.0848132864846542
3718,2.5876970032358084,1.4337237075930207,1.1539732956427877
2421,1.11584729984972,1.7135849790775908,-0.5977376792278708
4812,2.704459923584433,1.0918702065532362,1.6125897170311967
4465,3.0507274852977977,2.1377767825971814,0.9129507027006163
3162,0.7335222681501741,0.8611421306245532,-0.12761986247437918
172,0.07827596726760365,2.145092446793227,-2.0668164795256234
2576,0.5210320698182833,2.1048632796774194,-1.583831209859136
1991,0.1011638997929649,0.6727290281607352,-0.5715651283677703
774,0.29170429042753837,1.6519630810519244,-1.360258790624386
554,0.16656738565819873,0.6248588595367951,-0.45829147387859637
3082,2.293684185036547,1.2254354293239296,1.0682487557126172
4761,0.21928906108699583,0.46453396516664913,-0.2452449040796533
4045,0.7404391433368627,1.170837405672217,-0.4303982623353544
3341,1.7113421502728257,1.6766024668921522,0.03473968338067346
4334,0.12601552738442315,0.564332906431949,-0.4383173790475259
3265,0.0776487931990642,0.31848151990571627,-0.24083272670665207
3872,0.19684148635400175,2.0782396630258644,-1.8813981766718626
378,0.19922626447896202,0.4691580442831766,-0.26993177980421457
1523,0.3165375477387196,1.147342384277681,-0.8308048365389615
674,0.9163282571094201,0.7147083197394127,0.20161993737000738
3874,0.8617824633073938,1.262629872333438,-0.4008474090260441
1191,0.10156867220795576,1.676188681974086,-1.5746200097661303
2949,1.2333512430297398,0.825912872111635,0.40743837091810475
2864,0.37135288189395516,1.485984814386405,-1.1146319324924499
2356,0.41507606959490545,1.1038463837659815,-0.6887703141710761
4348,0.5699818679066014,0.8041812139243611,-0.2341993460177597
3195,1.1305222903234193,1.1027441212483728,0.027778169075046488
1680,0.0673632188276811,1.9136619822514942,-1.846298763423813
3142,0.5376277130516841,0.9761664832656786,-0.43853877021399446
4182,0.14150489255377183,0.6499484738004137,-0.5084435812466418
3616,0.07357987779663129,0.6791233350147547,-0.6055434572181234
2691,0.3294092657640217,0.44945845068737533,-0.12004918492335365
1302,0.08095523146280195,0.45242698536474396,-0.371471753901942
2173,0.0976784586946802,1.180616459909435,-1.082938001214755
1621,0.17909178709552073,0.6999908086592957,-0.520899021563775
2374,0.07982657409478879,0.5975560834276451,-0.5177295093328563
3568,0.07934654235839844,0.8760908336658291,-0.7967442913074306
4643,1.5373337389266584,1.2893876712558385,0.24794606767081984
4039,0.20718266462493773,0.5937506408016855,-0.38656797617674776
3923,6.287257959290188,0.9059285684579013,5.381329390832287
4619,0.7642397593609351,0.8909933310447619,-0.12675357168382673
1608,2.079463004747496,2.341780040075494,-0.2623170353279982
1417,1.3081782121143188,1.4226895605267185,-0.11451134841239963
286,0.19103986637419906,0.4655917603560986,-0.27455189398189955
3880,0.38608429257777277,2.5963303071929444,-2.210246014615172
1257,0.07506395345526604,0.12766852341880236,-0.052604569963536324
1261,0.10343716940350621,0.9490465843423705,-0.8456094149388643
4753,0.46470431092485187,0.9341976400761242,-0.4694933291512723
2836,0.12565312711941778,0.5154395382045532,-0.38978641108513545
3304,2.474806894787685,0.9087143356970524,1.5660925590906325
251,0.08863292586884579,0.5714643689478602,-0.48283144307901443
3830,6.362270850643955,2.4141102048803,3.948160645763655
4088,0.2615708543840059,1.2233151086550476,-0.9617442542710417
1754,0.16284256902179567,0.6858810375296196,-0.523038468507824
754,1.0226893684185883,0.8698599686251168,0.15282939979347143
3196,0.9849393120469883,1.1470003913226463,-0.16206107927565805
2656,8.314952543128474,1.5779994405077598,6.7369531026207135
4514,0.44116372160515754,1.0191529505156793,-0.5779892289105217
3556,0.10424397548365272,0.7272994180155101,-0.6230554425318574
1073,1.1709083999236976,1.3833154854254468,-0.21240708550174925
2392,0.431218615240581,1.0161516253689353,-0.5849330101283543
1431,2.7970578926614644,1.6634144702409595,1.133643422420505
1785,1.6098355537052456,1.4339060185911987,0.17592953511404685
1506,2.4452513902468835,0.5675355834273392,1.8777158068195443
3664,1.461573920677492,1.0737640905105483,0.3878098301669437
2824,0.68569657890093,1.6329390748906913,-0.9472424959897613
2769,0.11103560960464548,0.7589978492337887,-0.6479622396291431
1154,2.7600508251770095,2.4953463054432174,0.26470451973379205
197,0.03975402356123599,1.807950454428377,-1.7681964308671412
927,0.10950232853783183,0.8832738488262379,-0.7737715202884061
1042,0.19518283558038876,0.43206388371977034,-0.23688104813938157
4542,1.5392454967491984,1.6098400113857547,-0.0705945146365563
4829,1.5927229284466988,1.138532888024449,0.45419004042224986
860,0.056575936718858494,0.630255185890381,-0.5736792491715225
196,0.07603074579556841,2.856692164627898,-2.78066141883233
25,1.8119462597258051,2.013951197779656,-0.20200493805385067
2395,1.0086311055458177,1.6498667113515257,-0.641235605805708
1338,2.179599777509773,1.6069859517326437,0.5726138257771294
1829,0.6144322044774642,2.1784950772849374,-1.5640628728074732
478,0.09967789963190855,0.20754663512158544,-0.10786873548967689
2101,0.7538238795007501,0.44866911218936256,0.3051547673113876
2503,0.6660561561980681,0.6873388679568087,-0.021282711758740525
3108,0.4500538099243935,0.9112311668605566,-0.46117735693616313
3192,1.2383226166294177,1.2965137312135762,-0.05819111458415849
3630,0.10396377215125605,0.5623275846760178,-0.45836381252476177
3520,5.574266597575202,1.5637181532793425,4.01054844429586
1462,0.5536514952732844,0.9428816001259958,-0.38923010485271137
1022,0.10719952501887234,0.2681846704964032,-0.16098514547753087
2440,0.9215394418906176,0.9552046431904483,-0.03366520129983064
1577,2.4060925447872603,0.447291882882281,1.9588006619049794
3302,1.3085673125830426,1.1782427224504888,0.13032459013255382
2487,1.6766009349899598,0.8283209735434813,0.8482799614464784
2522,1.413298177406993,0.8322412244272647,0.5810569529797284
4790,1.3036968908872035,1.229834399015551,0.07386249187165261
1606,0.4952776570438078,0.474121244756074,0.021156412287733795
3069,0.5749037690914304,1.2181861770752596,-0.6432824079838292
545,0.07333603763938099,1.2955845645545834,-1.2222485269152024
492,5.6427392696254275,1.4826597883609882,4.1600794812644395
1266,0.1010134531881563,0.545045902446488,-0.4440324492583317
1560,0.5340602711109954,0.8284563613253583,-0.29439609021436286
2342,0.40465683824434057,0.7767559636454077,-0.3720991254010671
297,0.1748088385824721,0.6658286619707242,-0.4910198233882521
1967,3.3560586721734538,2.665939436960755,0.6901192352126988
2823,0.07427580371712858,0.5949089398705525,-0.5206331361534239
2235,1.3843151291128697,0.8887370139718157,0.495578115141054
2063,0.6025264517204032,0.43338502252868116,0.16914142919172204
1373,0.18878312602153952,1.0884954533894955,-0.8997123273679559
997,3.6126295576170246,1.4641652287321596,2.148464328884865
624,0.09821117901019481,0.6643629108628014,-0.5661517318526066
953,0.21837392540857806,0.39368690868674927,-0.1753129832781712
4434,0.06254545990898332,0.8140348061873758,-0.7514893462783925
712,0.12450977937147575,0.752640470407277,-0.6281306910358012
4453,0.08488588652451118,1.2914417992081357,-1.2065559126836245
4238,0.13075581559974378,0.23568658019829616,-0.10493076459855238
3133,0.37845947939764457,0.7303423329282505,-0.3518828535306059
4130,0.06225006638018661,1.0184404211123985,-0.9561903547322119
1337,1.4391380494902442,0.6996282402038723,0.7395098092863719
3850,0.17715234847083888,1.053532577860654,-0.8763802293898151
484,0.056698467313424095,1.5573342509375019,-1.5006357836240778
4571,0.3193851836950705,0.4232648117823219,-0.10387962808725137
3105,1.572744410420666,0.5527798064543162,1.0199646039663497
4537,0.7447412369099069,1.81963100610756,-1.074889769197653
2148,0.06841129382192895,2.1697437188310404,-2.1013324250091117
3925,1.7983857088383424,1.7985487978084294,-0.00016308897008698864
228,0.7591997492585076,0.4516713141695728,0.30752843508893485
215,0.3626768795883246,0.3945655070855536,-0.03188862749722898
1147,1.7102190885373096,1.2963297897331645,0.41388929880414516
2631,1.2217476484830305,0.6032850539621848,0.6184625945208457
249,0.10184409898741562,0.950312767397015,-0.8484686684095993
1572,0.08598409498266203,0.38970190943173316,-0.30371781444907114
106,1.1556098506925399,0.8593683881501071,0.2962414625424328
39,2.3248815309604307,0.408397502350702,1.9164840286097287
4658,5.59681951974011,1.0615676618253875,4.535251857914722
1515,2.3523141503274747,0.8025566237553404,1.5497575265721344
980,0.6331032924756776,0.5478127370700442,0.08529055540563346
883,0.05830232879970108,0.8612268843133886,-0.8029245555136875
1877,0.13357792961102682,1.0965739247578734,-0.9629959951468465
2693,0.14300884463922764,0.3757236489347393,-0.23271480429551167
1792,0.6528248309016496,1.3709056777547515,-0.7180808468531019
4249,0.09612714695896764,0.6097997254135291,-0.5136725784545615
3249,1.115218151948201,0.47895957810996465,0.6362585738382363
3012,2.495133379040362,0.8504592254654519,1.6446741535749099
4095,0.22199482644024457,0.4717471747433,-0.24975234830305545
1315,0.38762708656630146,1.357316346914822,-0.9696892603485205
2934,0.9194971030993534,1.2113297006721235,-0.29183259757277014
1116,1.7845176251353376,1.1678085013527766,0.616709123782561
2417,1.619676920296019,1.15027278709509,0.4694041332009291
2019,0.09316732610782212,1.065409603638003,-0.9722422775301809
4231,0.2871110031468823,0.655692340894231,-0.3685813377473487
2358,0.5393666470125786,0.6798903069832558,-0.14052365997067717
700,0.2291103815866633,1.0594179117842757,-0.8303075301976124
208,0.10981077381685571,0.9568812249242733,-0.8470704511074176
1071,0.4202182202902771,1.8945396341369325,-1.4743214138466554
1679,3.2005930989583335,2.4946770335150137,0.7059160654433199
409,0.14013553666833625,0.5083886314559353,-0.36825309478759904
3802,3.936341088434667,1.2222113575345916,2.7141297309000754
1811,0.3810868655149263,0.5673978653225064,-0.18631099980758004
3408,0.32059581701711076,1.0847068579249457,-0.7641110409078349
46,0.017441326008829822,1.0049144121610103,-0.9874730861521804
3721,2.5983729856043447,1.417631528665709,1.1807414569386356
651,1.0127270466917924,1.4759322473249663,-0.46320520063317394
3764,2.0426741508347726,0.9460446766830714,1.096629474151701
2135,0.20628036439224964,0.34002289937064617,-0.13374253497839653
16,1.3607366294959526,1.8132928315827181,-0.4525562020867655
1068,0.08794734668195031,0.44764990714662456,-0.35970256046467425
424,0.09636137139403056,0.6971725747241382,-0.6008112033301076
472,0.08076984655745377,0.8558208666837862,-0.7750510201263324
1020,0.4977687089612813,0.6788508933183197,-0.18108218435703843
4572,0.3250963611816204,0.6124844447182604,-0.28738808353663997
2260,0.05891352712100047,1.2377376959449744,-1.178824168823974
1719,6.649272249562099,2.0685684774660875,4.580703772096012
2743,0.3042998961381689,0.7045309043926964,-0.4002310082545275
866,0.09171944512261285,1.6863561087957015,-1.5946366636730887
3225,0.9133254524005047,1.0581516599147867,-0.144826207514282
1576,0.12736476360508758,0.6208639937674206,-0.49349923016233305
4372,0.08490291240810355,1.2375146882683785,-1.152611775860275
2511,1.2292926858638478,0.7382080815844999,0.49108460427934786
1421,2.4053311117118614,1.522078379238801,0.8832527324730604
1089,0.0767538641154586,1.4356984247891655,-1.358944560673707
4391,0.555080838795385,1.1132169653789519,-0.5581361265835669
199,0.11856318838437184,0.6560212282869162,-0.5374580399025444
4474,1.5895698361280488,0.9053060323746802,0.6842638037533686
1898,0.12685338586908176,0.9482207247670208,-0.821367338897939
2882,1.2183742300743503,1.0657191389425955,0.1526550911317548
1689,0.21497454833984375,1.0892590988328927,-0.874284550493049
387,0.6827874378484646,0.6809879419313009,0.0017994959171637737
3443,0.9388581537484685,0.898703248926356,0.04015490482211248
182,0.5636945757235581,0.38196310848363224,0.18173146723992584
2254,0.09610496903197153,0.2569630980458631,-0.16085812901389157
1673,0.74941712086665,1.0768058222609256,-0.32738870139427556
981,0.2691481470385962,2.0294017093767995,-1.7602535623382034
1996,0.8143948191602157,2.211260945897122,-1.3968661267369065
4274,0.05433529937068671,0.28636193384145747,-0.23202663447077077
4061,1.8763017591093958,1.0866309544320878,0.789670804677308
1980,0.15041188853825277,1.591029999245207,-1.4406181107069542
4749,3.730923071685939,2.1707760366366746,1.5601470350492646
1212,0.08204699642013773,0.4929643822305253,-0.41091738581038756
3039,0.5151668026190134,1.019793453844991,-0.5046266512259777
3143,0.13969604058545182,0.6371461387671336,-0.49745009818168173
601,0.12481207026815488,0.7410828672509946,-0.6162707969828397
4523,1.653442626790473,1.4859579591114187,0.16748466767905423
151,0.10723248749739679,0.821776822670775,-0.7145443351733782
425,0.10569187660633272,0.5064430360361989,-0.40075115942986617
2564,3.8163924761988715,0.7250599556472179,3.0913325205516538
1793,0.17678278675166875,0.4338951119461931,-0.25711232519452437
3439,0.10329625808832607,0.7380421248614668,-0.6347458667731407
3530,0.5983118897463461,2.154980572596331,-1.5566686828499847
1082,0.31141215545924006,0.44506848883703287,-0.1336563333777928
1555,0.29853080360883044,1.179891348442798,-0.8813605448339675
362,0.4803319936143809,0.7943479224585912,-0.3140159288442103
3321,2.695577485380117,0.6380348830979314,2.0575426022821857
3724,3.854790728033386,1.336811588393699,2.517979139639687
4855,2.1673862504151447,1.9706245116229972,0.19676173879214742
254,0.7785042317708334,1.1084474168805079,-0.32994318510967446
2444,0.24637654408762105,1.3241780557015699,-1.0778015116139488
1695,0.7989547968106996,1.604240332951461,-0.8052855361407614
264,0.1454267103291269,0.6269221036619714,-0.4814953933328445
1838,3.1701613999498077,1.8309341094416833,1.3392272905081244
44,1.9956966845031008,0.7920152743204278,1.203681410182673
2034,0.06624301253396456,0.5381798531669998,-0.4719368406330352
4195,0.14938916396846535,0.6969195761130087,-0.5475304121445433
561,0.14134144530924778,1.0173750201428784,-0.8760335748336306
471,0.07166230889040241,1.5660302304160874,-1.4943679215256849
308,3.31955553790215,0.8838497121139405,2.43570582578821
2001,0.2004135763751458,0.7046791412433066,-0.5042655648681608
4610,1.8640506530432073,1.2432611843816403,0.6207894686615669
3442,0.8334755981942482,0.8981606178501502,-0.06468501965590201
634,0.08592507354389667,0.5247106482563294,-0.43878557471243274
302,0.12322352306718073,0.9156348346845865,-0.7924113116174057
833,0.10934011673623842,1.2366020230033115,-1.127261906267073
1891,0.6740854868158846,0.6007379898078368,0.07334749700804788
1235,0.05748130950051741,1.1830228139894952,-1.1255415044889778
1543,0.41913095502973496,1.1473524049410868,-0.7282214499113518
4532,0.4452458422481468,0.998023845277029,-0.5527780030288822
1491,0.321455969088264,0.5391381315505246,-0.21768216246226058
2773,2.459020946094207,0.6333029573767118,1.8257179887174955
1458,0.06572290448032128,0.881702509760278,-0.8159796052799567
399,5.230577485931062,2.05262722042995,3.177950265501112
757,0.0871203121894353,1.4382057827185806,-1.3510854705291453
2749,0.20879088046007596,0.45600733385998554,-0.24721645339990958
2537,0.8234621836855435,1.3188936596039509,-0.4954314759184074
1369,0.1371534051558352,2.8461246445861934,-2.7089712394303582
720,2.4326318240810516,0.41229128835166357,2.020340535729388
3720,2.403364954895842,1.4726308022238757,0.9307341526719661
2913,0.31891350072354624,1.1731720623507818,-0.8542585616272356
4718,3.189830055300501,1.5178992771457012,1.6719307781547996
413,0.013686997867448307,1.5517124208667843,-1.538025422999336
2415,1.7108321741672625,1.0932553198273216,0.6175768543399409
3705,0.9781764717767164,0.9430502254458515,0.03512624633086492
3337,1.943672271606608,1.8716713176974398,0.07200095390916816
1990,0.09948486287086065,0.6388199775462489,-0.5393351146753882
990,0.8232131710362047,1.017284928469361,-0.1940717574331563
1740,0.09722801216760582,0.5432596238844294,-0.4460316117168236
2884,0.47388334786609526,0.7024404233781423,-0.22855707551204701
2768,0.2391704214850922,0.4348565309422454,-0.1956861094571532
4217,0.5739129745394463,1.2544513494216687,-0.6805383748822224
3,2.4890284527052122,1.9168064558503781,0.5722219968548341
1259,0.07185333241777207,0.16539736588276124,-0.09354403346498917
2283,0.3289999057414422,2.406692844586724,-2.077692938845282
1968,0.6167853981281592,1.9801215480987013,-1.363336149970542
604,0.10128745665687867,0.3946313695504343,-0.29334391289355566
4711,0.42985517055515476,0.5350422908940416,-0.10518712033888689
800,0.05677898240202285,0.22980062362334425,-0.1730216412213214
3819,0.06473497832176119,1.1886935404357588,-1.1239585621139976
2679,0.2027771893669577,0.45580731739098945,-0.25303012802403174
4485,0.3979210394144607,1.2543687861421313,-0.8564477467276705
4679,0.5439151389613779,0.804319758031543,-0.2604046190701651
4393,0.9934892276027656,1.014868876816491,-0.021379649213725482
1069,0.1023222947846531,1.2633857999451303,-1.1610635051604772
3997,0.45656075060761814,1.7659378444435467,-1.3093770938359286
2489,1.3550652985074627,0.9482961900366494,0.40676910847081327
4470,0.3169581252544576,1.0442165907462513,-0.7272584654917937
2147,0.13392968994038942,1.088729447564045,-0.9547997576236555
3633,1.509946688062877,1.4033818763850425,0.10656481167783438
3366,0.07125890163069666,0.40273268232130593,-0.3314737806906093
706,0.7014884681612621,1.022963440302021,-0.3214749721407588
1440,1.242235033963994,0.8465527106002192,0.39568232336377485
513,2.3843363435550935,1.045581333638479,1.3387550099166146
3639,1.9948917769179564,0.4631473614981632,1.5317444154197932
1630,0.07879619321500084,0.6400867342412296,-0.5612905410262288
918,0.35281115784755235,0.802376724031162,-0.44956556618360966
2665,5.515759239852246,1.7622144764952408,3.753544763357005
4240,0.052247019372734564,0.3232953652303657,-0.27104834585763116
2207,5.738467856391926,1.6102345741399262,4.128233282252
2285,0.7599687104052426,1.3740846593524871,-0.6141159489472445
365,0.11020894610069128,1.0460026988394833,-0.935793752738792
1955,0.47862577557742864,0.6027001320635027,-0.12407435648607407
2547,0.2909772629199299,0.8188160238770231,-0.5278387609570931
4341,0.07976821509140944,0.2846465399417197,-0.20487832485031024
241,0.21723844595667888,0.9463141710781172,-0.7290757251214384
401,2.1666099835293138,1.9507682928938748,0.215841690635439
572,0.7118155924479167,0.7246668809211052,-0.012851288473188505
3950,4.364916560241714,1.8837642683319653,2.481152291909749
1466,0.11764350616820801,1.1101072379454966,-0.9924637317772886
3471,0.406471650242587,0.66309259883733,-0.25662094859474294
2003,0.2810976155598958,0.7820183255014209,-0.5009207099415252
4381,1.265801072306576,2.4054453896001924,-1.1396443172936164
4799,1.2683729485278818,0.9268082590006514,0.3415646895272304
381,0.6124934416611529,0.7106055886165891,-0.09811214695543613
4246,0.13541828721905724,0.7112097016533062,-0.575791414434249
3948,2.0475990450957235,1.5406000733416823,0.5069989717540413
3709,4.746966564394883,1.3613653277628897,3.3856012366319934
1262,0.07289704071278968,0.32427619303102595,-0.25137915231823627
4484,4.61821412806398,1.6189931397019965,2.9992209883619836
2426,2.956861455470897,1.9554842725567005,1.0013771829141964
1070,0.20418824121862955,1.328536122751761,-1.1243478815331314
4152,1.175276975712697,0.7030773854119925,0.4721995903007046
4421,0.09164158398583973,0.5670928625642687,-0.475451278578429
1380,0.753171244088049,0.9698105844259545,-0.21663934033790544
4584,0.16347201702466335,0.8614170245253638,-0.6979450075007005
920,0.49029298505321367,1.2192447360244278,-0.7289517509712142
4583,0.2911112387769769,1.162479084956678,-0.871367846179701
8,0.7181987061577694,1.8990451943015478,-1.1808464881437786
711,0.3064696330687542,1.0083169077155103,-0.7018472746467561
372,0.1565199074897562,0.6444472078674045,-0.4879273003776483
1705,1.4885132040410385,0.7907636314387396,0.6977495726022989
3090,0.6912532600935885,1.0336893021421436,-0.34243604204855516
4225,0.3404313974185348,1.023384638489684,-0.6829532410711493
733,0.6989792767990152,1.231654059615295,-0.5326747828162798
2661,0.12519377804874035,0.3879614832485502,-0.26276770519980985
368,0.1388614401333389,0.754235643594082,-0.6153742034607431
2229,4.617929948351419,1.753860687477307,2.864069260874112
4325,3.374763346354167,1.6337131536400429,1.741050192714124
1766,0.4981874439028972,1.3742806252136968,-0.8760931813107995
4062,0.3477132551997145,1.1433036004420274,-0.7955903452423129
3374,1.6319068898612945,1.1397601585940969,0.49214673126719766
1826,1.4758716097189792,1.0123570857853734,0.4635145239336058
2441,0.13826625531220843,0.829249545228371,-0.6909832899161625
4527,1.5568306543903454,1.2951734308910567,0.26165722349928866
675,1.6575877235109653,0.9143953281667013,0.743192395344264
4315,0.08072485146060349,0.9599222194639071,-0.8791973680033036
2163,0.07759261628904293,0.5041782924928602,-0.42658567620381727
1200,0.010723421440312084,0.44450710516534336,-0.4337836837250313
282,0.28750310491369074,0.7144630875410222,-0.4269599826273314
4306,0.08921927661771753,0.36681698483119535,-0.27759770821347785
1544,0.5622874057508407,1.526951332738725,-0.9646639269878843
538,10.519867894649108,2.302617647152975,8.217250247496134
4744,2.470541573637426,1.1277473533841744,1.3427942202532515
716,0.7111731053656827,0.8845949101128333,-0.17342180474715063
3676,4.511434289242024,1.3585102675598582,3.1529240216821655
3736,0.3081594098596617,1.043474070311612,-0.7353146604519504
1438,0.3509311271426633,0.6747179468713691,-0.3237868197287058
2164,0.06496236514679529,1.1861036554605238,-1.1211412903137286
806,0.06429504292551039,0.4422208105112665,-0.37792576758575613
4255,0.06153846881448455,0.47760554771390745,-0.4160670788994229
183,0.1866816884725752,0.49577688132224373,-0.3090951928496685
416,0.13990726979127516,0.5421588094638884,-0.40225153967261323
1771,0.14707845052083332,1.3382173555658183,-1.191138905044985
830,0.7739994254401895,2.390209103734946,-1.6162096782947564
4629,0.4184762027783591,0.832275651318866,-0.41379944854050693
1249,0.10099489746907823,0.4707047648571205,-0.36970986738804223
3002,0.8924526145149223,1.1746069024385215,-0.2821542879235992
2258,0.6255458673450783,0.5126783960508745,0.11286747129420382
1857,0.1124660913537673,0.7707977515827268,-0.6583316602289595
3296,0.5023469370122485,2.102235718374546,-1.5998887813622975
3391,2.6542449560765906,1.1334969663217298,1.5207479897548608
854,0.021055040170165643,0.3016666409260136,-0.28061160075584796
192,0.12359663361716305,0.403636799077655,-0.28004016546049193
4438,1.3821052130134788,0.5074250309580469,0.8746801820554319
3160,0.09495297156774951,0.8902462813494159,-0.7952933097816663
2985,2.4922987994025734,1.9495760440996068,0.5427227553029665
2772,1.0399171448899174,0.5791332017239642,0.46078394316595317
2199,0.11197669233667887,1.1119907190971783,-1.0000140267604993
2028,0.27244311820425765,0.8071223052191754,-0.5346791870149177
3173,1.8025188348896435,1.2667841050371482,0.5357347298524953
414,0.04193381712267301,0.7072838997778784,-0.6653500826552055
900,0.08224348781567635,0.39487675879926537,-0.312633270983589
641,0.06537083053302263,0.1672748633286727,-0.10190403279565007
1601,1.581654065650254,1.1192920027346764,0.4623620629155776
129,0.12842087615417846,0.729408539017851,-0.6009876628636726
3636,1.9904692880690409,1.9007851850354465,0.08968410303359442
1993,0.13097767833871976,0.6250393232710573,-0.4940616449323375
2637,1.7175270629084967,0.7450824581203812,0.9724446047881155
2403,1.9749261462927519,1.0561071114503398,0.9188190348424121
4197,0.8055070575914884,0.7536788540268415,0.0518282035646469
4680,1.9750272231948172,0.7570947342743666,1.2179324889204506
1383,1.4582706705729167,0.8356152731128516,0.6226553974600652
2445,1.477618134097676,0.8986168034165739,0.579001330681102
2121,8.738088200058337,2.330473966071412,6.407614233986925
1769,2.9640402976289693,0.9621699227594518,2.0018703748695175
493,0.6957767927892234,0.7734946684511258,-0.07771787566190236
3961,0.3487964084986745,0.5601627350720675,-0.211366326573393
4748,3.14434595268916,2.467268692778615,0.6770772599105448
4467,0.3202444119150594,1.6462103238699135,-1.3259659119548541
4797,1.3057894940501176,1.1264201387802661,0.17936935526985143
3351,1.1310003669653894,1.808264549522688,-0.6772641825572985
4461,2.678234739835978,0.9270692997525278,1.7511654400834502
319,1.3728818749478775,1.5325884138817734,-0.15970653893389586
3738,0.9552586782463214,0.7936929358722007,0.1615657423741207
4346,0.9905161602454575,0.751982482317407,0.23853367792805047
4834,1.2442130479236577,0.9441633029028741,0.30004974502078363
3715,2.3228140997179274,2.1458989040283374,0.17691519568959002
603,0.09271092150078945,0.9119680838831355,-0.8192571623823461
2686,0.07008050326818897,0.5344155348103761,-0.4643350315421871
3910,0.20814700211974616,1.5553610585141475,-1.3472140563944013
3474,2.8280913833907055,1.3340105737804795,1.494080809610226
3790,0.23805711022793566,1.2401371747022307,-1.002080064474295
449,1.0437347391641516,1.2006719659829872,-0.1569372268188356
3784,0.09859440709799454,1.3423735601457993,-1.2437791530478048
267,0.6517820534131206,0.6359045690494489,0.015877484363671646
635,0.08138385909608681,0.29773672298084985,-0.21635286388476305
1168,1.8313926034565182,1.194316433581035,0.6370761698754832
737,0.5838145042864465,0.8047824550364755,-0.22096795075002895
3794,0.1905207367782453,0.6677741028818938,-0.47725336610364844
4069,0.10250125149252372,0.6405556113767729,-0.5380543598842491
4358,0.14449283590949588,0.4987688205550186,-0.3542759846455227
819,0.12044633712917276,0.7603145845167011,-0.6398682473875283
3322,0.7340743204836709,1.4170614184626256,-0.6829870979789546
4068,0.4466941870365356,0.5414416102311652,-0.09474742319462964
497,0.06775249719002963,1.138908973348596,-1.0711564761585664
2993,2.071552149465375,0.9458226875701841,1.1257294618951907
2642,1.4422777996475349,0.687517477903148,0.7547603217443869
4205,0.44506777848296225,0.885650837373001,-0.44058305889003874
4451,0.29126881858755926,1.4647286245702749,-1.1734598059827155
2365,0.10501467830054562,0.5648880646684202,-0.4598733863678746
4568,1.0057857883817427,1.3915304245098672,-0.3857446361281245
2106,5.155238932291667,1.2126465967902404,3.942592335501426
1918,2.544050358470388,1.4192334233948067,1.1248169350755812
1434,0.4011831880784367,0.595543613366764,-0.19436042528832725
880,0.07541688464734442,0.3112526390809568,-0.23583575443361238
556,0.0,0.667510479033149,-0.667510479033149
738,0.4920788303764784,1.276762848522499,-0.7846840181460206
1096,0.27687616207204585,0.7386250374527886,-0.4617488753807428
1932,2.938112821960194,2.364058089678635,0.5740547322815588
2861,0.06566269988772416,1.429909381001436,-1.364246681113712
163,0.5532517903645834,1.0802911898777998,-0.5270393995132164
2247,0.07446060066165895,1.036634848783396,-0.9621742481217371
4747,2.732259236440396,0.9606160648498193,1.771643171590577
3103,0.27303530395174147,0.6916096055572368,-0.41857430160549536
3844,0.06732707458119898,1.0546360148923104,-0.9873089403111114
1814,0.34492841905942656,0.45813319848425255,-0.11320477942482599
1248,0.07040244173149979,0.5665458931739482,-0.4961434514424484
3233,1.2531244781664859,1.075858574715559,0.17726590345092696
3638,3.183766716873749,1.6707028788824672,1.513063837991282
535,0.18590662845217373,0.8452298866860177,-0.659323258233844
2817,0.1956333583195209,0.7751893520450549,-0.579555993725534
3210,0.3969074936653683,0.7442355949034393,-0.34732810123807095
2957,0.11227355758751553,1.5994294346232212,-1.4871558770357056
2076,0.08570214332003291,0.6136889898842233,-0.5279868465641904
423,0.0675571237325708,0.5944889629457117,-0.5269318392131409
1006,6.146127090092339,1.8964412624993694,4.24968582759297
4290,0.05285921963778409,0.28627108604557244,-0.23341186640778835
524,0.39918700217328007,0.7275607440960675,-0.32837374192278745
1647,0.49298403736688906,1.0350321930313415,-0.5420481556644525
2728,0.7875905277592392,0.5196715033862659,0.2679190243729733
1156,1.6486128433002845,1.7229368374749032,-0.07432399417461877
3600,3.1852947036661354,0.4510282809840954,2.73426642268204
1976,0.07927375375782487,1.3666733487658234,-1.2873995950079984
4053,0.8357945393041237,1.1562302467381622,-0.3204357074340385
3554,1.240986146632011,0.7168019267436313,0.5241842198883796
4445,2.508016502079002,2.6287517446804056,-0.12073524260140367
4359,0.08403218697432766,1.1763083223863489,-1.0922761354120212
857,0.10984726397072862,0.3521471747553644,-0.24229991078463575
494,0.7590682775347106,0.686774845600166,0.07229343193454463
3230,1.8354795797460648,0.5169318734325293,1.3185477063135354
3057,1.7664805781507413,0.7950783699473356,0.9714022082034057
586,0.07290972164347029,0.8466316702957228,-0.7737219486522525
101,0.08772244240300825,0.39002384339794205,-0.3023014009949338
905,2.642568050644759,0.7889564974231453,1.8536115532216135
2223,3.0844929183991683,0.9916167099197233,2.0928762084794448
1106,1.1144683031247393,1.5821851872120662,-0.4677168840873269
3236,0.12509554099482695,0.5927216898689545,-0.4676261488741275
1629,0.10380741005026901,1.0965660672156277,-0.9927586571653586
3276,2.195517437860153,1.4568377005717752,0.738679737288378
1464,0.17914027282913092,0.9532128470878082,-0.7740725742586773
4032,0.0752611955073084,0.6066571325936769,-0.5313959370863686
3612,2.683378811231337,2.0038777924434594,0.6795010187878776
1372,0.609411640625,0.8460958655960726,-0.23668422497107267
4222,0.8205572275015024,1.0704785498113318,-0.24992132230982944
4597,1.4567305073358512,1.0627956863058576,0.39393482102999355
4212,0.961537858950662,1.5887946690027244,-0.6272568100520624
895,0.07095878259015595,0.2894288949801099,-0.21847011238995392
4125,3.6433001302083334,1.1264601813236048,2.5168399488847286
2790,6.081471637651654,1.9206314306180712,4.160840207033583
1269,0.10354899586815323,0.7895380604910158,-0.6859890646228626
1569,0.1994505460927722,1.4757229200109434,-1.2762723739181712
