plot_id,median_chm_actual,median_chm_predicted,residual
2474,0.08777777850627899,0.23751748,-0.14973969757556915
2475,0.10833333432674408,0.32837105,-0.22003771364688873
2476,0.0860000029206276,0.83612764,-0.7501276358962059
2477,0.0855555608868599,0.36271903,-0.27716346830129623
2478,0.10633333772420883,0.23690508,-0.13057174533605576
2479,0.10199999809265137,0.26055443,-0.15855443477630615
3731,0.06400000303983688,0.18995367,-0.12595366686582565
3732,0.058000002056360245,0.20383438,-0.14583438262343407
3733,0.07000000029802322,0.2194706,-0.14947060495615005
3734,0.09233333170413971,0.20209844,-0.10976511240005493
3735,0.07511110603809357,0.1930852,-0.11797408759593964
3737,0.07577777653932571,0.8694086,-0.7936308309435844
3738,0.12577778100967407,0.20217548,-0.07639770209789276
3739,0.070333331823349,0.21410163,-0.1437682956457138
3740,0.0573333315551281,0.17968546,-0.12235212698578835
3741,0.06422222405672073,0.19331667,-0.1290944442152977
2441,0.10500000417232513,0.20569292,-0.10069291293621063
2442,0.11299999803304672,0.16149873,-0.0484987273812294
2443,0.1589999943971634,0.2078198,-0.04881981015205383
2444,0.07233332842588425,0.23512462,-0.16279128938913345
2445,0.11366666853427887,0.18582092,-0.07215425372123718
2446,0.14588889479637146,0.2131568,-0.06726790964603424
1331,0.060777775943279266,0.11868827,-0.0579104945063591
1332,0.0689999982714653,0.38855737,-0.3195573762059212
1333,0.06088889017701149,0.51584023,-0.45495134219527245
1334,0.06977777928113937,0.14186831,-0.0720905289053917
1335,0.07800000160932541,0.289271,-0.2112709954380989
1336,0.058666665107011795,0.16198875,-0.10332208499312401
1586,0.08677777647972107,0.25510147,-0.16832369565963745
1587,0.10533333569765091,0.16948026,-0.06414692848920822
1588,0.057999998331069946,0.16438006,-0.10638006031513214
1589,0.05966666713356972,0.19762047,-0.13795379921793938
1590,0.08299999684095383,0.19580586,-0.11280586570501328
1591,0.08966666460037231,0.25923008,-0.1695634126663208
1592,0.08316666632890701,0.16974324,-0.08657657355070114
1601,0.07900000363588333,0.24629839,-0.16729838401079178
1602,0.1080000028014183,0.26245323,-0.15445322543382645
1603,0.07199999690055847,0.18930067,-0.11730067431926727
1604,0.052000001072883606,0.5463652,-0.4943652004003525
1605,0.05900000035762787,1.9294055,-1.870405450463295
1606,0.10355555266141891,0.205198,-0.10164245218038559
1607,0.09133332967758179,0.25544837,-0.1641150414943695
2431,0.07133333384990692,0.21998748,-0.14865414798259735
2432,0.8019999861717224,0.365398,0.43660199642181396
2433,1.4913333654403687,0.1978448,1.2934885621070862
2434,4.932000160217285,0.5193312,4.412668943405151
2435,0.07477778196334839,0.13096575,-0.05618797242641449
2436,0.07866667211055756,0.2305981,-0.15193143486976624
2437,0.12999999523162842,0.32580924,-0.1958092451095581
2438,0.07366666197776794,0.4619619,-0.3882952332496643
2439,0.06033333018422127,0.19187635,-0.13154302164912224
2440,0.06922222673892975,0.18166262,-0.11244039237499237
3350,0.06844444572925568,0.23311938,-0.16467493772506714
3351,0.09399999678134918,0.31790316,-0.22390316426753998
3352,0.09600000083446503,2.3116262,-2.2156261950731277
3353,0.08900000154972076,0.21728483,-0.12828482687473297
3354,0.08255555480718613,0.18813275,-0.10557719320058823
3360,0.07588888704776764,0.26123446,-0.1853455752134323
3361,0.0676666647195816,0.4167957,-0.3491290360689163
3362,0.108444444835186,0.350756,-0.24231154471635818
3363,0.09000000357627869,0.21354055,-0.12354055047035217
3364,0.08233333379030228,0.23148148,-0.1491481438279152
3022,0.07900000363588333,0.20796768,-0.12896768003702164
3023,0.06599999964237213,0.2370921,-0.17109209299087524
3024,0.05999999865889549,0.23218316,-0.17218315973877907
3025,0.06772222369909286,0.22508353,-0.15736130625009537
3026,0.13733333349227905,0.17489599,-0.03756265342235565
3027,0.15299999713897705,0.20303531,-0.05003531277179718
3028,0.1492222249507904,0.16284268,-0.013620451092720032
3029,0.1362222135066986,0.15315868,-0.016936466097831726
3030,0.13677777349948883,0.18446958,-0.04769180715084076
3031,0.12299999594688416,0.15342006,-0.03042006492614746
3032,0.09733333438634872,0.16072945,-0.06339611858129501
3033,0.08922222256660461,0.20098153,-0.11175930500030518
3034,0.13699999451637268,0.2869042,-0.14990419149398804
3035,0.12122222781181335,0.17522125,-0.05399902164936066
3036,0.08399999886751175,0.2387308,-0.15473080426454544
3037,0.08766666799783707,0.18367487,-0.09600820392370224
3038,0.08444444835186005,0.49561888,-0.4111744314432144
3039,0.09122221916913986,0.2413229,-0.1501006856560707
3040,0.08399999886751175,0.3191554,-0.2351553961634636
3043,0.07733333110809326,0.19694927,-0.11961594223976135
3044,0.06400000303983688,0.16742983,-0.10342983156442642
3045,0.05700000002980232,0.198248,-0.14124799892306328
3046,0.08100000023841858,0.19115278,-0.11015278100967407
3047,0.1523333340883255,0.19568896,-0.04335562884807587
3048,0.13433334231376648,0.16210595,-0.027772605419158936
3049,0.13433332741260529,0.15654518,-0.022211849689483643
3050,0.12833333015441895,0.1784342,-0.050100862979888916
3051,0.13433332741260529,0.1640145,-0.02968117594718933
3052,0.13255555927753448,0.16656291,-0.03400735557079315
3053,0.09600000083446503,0.2115687,-0.11556869745254517
3054,0.09000000357627869,0.18775377,-0.09775376319885254
3055,0.16099999845027924,0.163554,-0.002553999423980713
3056,0.13866667449474335,0.16767313,-0.02900645136833191
3057,0.09433333575725555,0.25082242,-0.15648908913135529
3058,0.11299999803304672,0.21017915,-0.09717915207147598
3059,0.09033333510160446,0.28549924,-0.19516590982675552
3060,0.09566666930913925,0.19669926,-0.10103259235620499
3061,0.08566666394472122,0.16846718,-0.08280051499605179
3801,7.078888893127441,0.12842269,6.950466200709343
3802,0.0560000017285347,0.14500478,-0.08900477737188339
3803,0.05400000140070915,0.33696988,-0.282969880849123
3804,4.027055263519287,1.1260432,2.9010120630264282
3832,4.61133337020874,1.895794,2.715539336204529
3833,6.941333293914795,0.63369936,6.307633936405182
3834,0.05400000140070915,0.5588724,-0.5048724003136158
3835,0.2157222181558609,0.25196323,-0.03624100983142853
2543,0.10433333367109299,0.23300909,-0.12867575138807297
2544,0.3630000054836273,0.84800994,-0.48500993847846985
2545,0.13600000739097595,0.23937385,-0.10337384045124054
2546,0.08355555683374405,0.21803033,-0.13447477668523788
2547,0.08205555379390717,0.21322435,-0.13116879761219025
2548,0.06866666674613953,0.18278392,-0.11411724984645844
2549,0.07766666263341904,0.3907191,-0.3130524232983589
2550,0.012666666880249977,0.6644327,-0.65176603756845
2551,0.004000000189989805,0.37333933,-0.36933932499960065
2554,0.00800000037997961,0.67762583,-0.6696258345618844
2555,0.04500000178813934,0.7503726,-0.7053725868463516
2556,0.09366666525602341,2.0713418,-1.977675087749958
2557,0.07288888841867447,0.1804368,-0.10754791647195816
2558,0.09466666728258133,0.2214467,-0.12678002566099167
2559,0.09288889169692993,0.21464655,-0.12175765633583069
2560,0.09033333510160446,0.23065323,-0.14031989127397537
2561,0.5600556135177612,0.21860337,0.3414522409439087
2669,0.11433333903551102,0.35989207,-0.2455587312579155
2670,0.13422222435474396,0.15607774,-0.021855518221855164
2671,0.14800000190734863,0.19697183,-0.04897183179855347
2672,0.12733334302902222,0.21007226,-0.08273892104625702
2673,0.09744444489479065,0.17236157,-0.07491712272167206
2674,0.10411111265420914,0.21399054,-0.10987942665815353
2675,0.1062222272157669,0.20789489,-0.10167266428470612
2676,0.11800000071525574,0.1917862,-0.07378619909286499
2677,0.09366666525602341,0.19209047,-0.0984238013625145
2678,0.09622222185134888,0.19402334,-0.09780111908912659
2679,0.09600000083446503,0.18396102,-0.08796101808547974
2680,0.0846666693687439,0.21334052,-0.12867385149002075
2681,0.08233333379030228,0.16250476,-0.08017142862081528
2682,0.09133333712816238,0.20276648,-0.11143314093351364
2683,0.0729999989271164,0.18819098,-0.11519098281860352
2754,0.08483333885669708,0.28748378,-0.20265044271945953
2825,0.07411111146211624,0.2598562,-0.18574508279561996
2826,0.09288889169692993,0.20535566,-0.11246676743030548
2827,0.0793333351612091,0.23676038,-0.15742704272270203
2828,0.09600000083446503,0.20378828,-0.10778827965259552
2829,0.0860000029206276,0.19751053,-0.11151052266359329
2830,0.0820000022649765,0.16016513,-0.07816512882709503
2831,0.08888889104127884,0.18493856,-0.09604967385530472
2832,0.10133333504199982,0.15565906,-0.05432572960853577
2833,0.08900000154972076,0.19191793,-0.10291792452335358
2834,0.09399999678134918,0.1972328,-0.10323280096054077
2835,0.09733333438634872,0.17197953,-0.07464619725942612
2836,0.11533333361148834,0.15794455,-0.04261121153831482
2837,0.13199999928474426,0.14652184,-0.01452183723449707
2838,0.15000000596046448,0.16318962,-0.013189613819122314
2839,0.1340000033378601,0.1774307,-0.04343070089817047
2840,0.09099999815225601,0.39437643,-0.3033764287829399
4149,0.050333332270383835,0.19846423,-0.1481308974325657
4150,0.7043333053588867,0.56511587,0.13921743631362915
4151,0.11533333361148834,0.17591235,-0.06057901680469513
4152,0.20633333921432495,0.2057361,0.0005972385406494141
4153,0.06300000101327896,0.19562076,-0.13262075930833817
4154,2.7265000343322754,0.4725468,2.2539532482624054
4155,0.09433333575725555,0.21311516,-0.11878181993961334
4156,0.19833333790302277,0.1659306,0.03240273892879486
1883,0.06599999964237213,0.2162946,-0.15029460191726685
1884,1.6285555362701416,0.94141096,0.6871445775032043
1885,0.06833333522081375,0.17831627,-0.109982930123806
1886,0.0851111114025116,0.16262822,-0.07751710712909698
1887,0.1119999960064888,0.15875371,-0.04675371199846268
1888,0.12200000137090683,0.17580867,-0.05380866676568985
1889,0.11366666853427887,0.19194695,-0.07828028500080109
1890,0.09611111134290695,0.16824047,-0.07212936133146286
1891,0.10199999809265137,0.18108003,-0.07908003032207489
1892,0.08566667139530182,0.16409518,-0.07842850685119629
1893,0.10677777230739594,0.21585314,-0.10907536745071411
1894,0.0820000022649765,0.20772788,-0.12572787702083588
1895,0.09044444561004639,0.17926224,-0.0888177901506424
1896,0.06800000369548798,0.19515204,-0.12715204060077667
1897,0.07199999690055847,0.1989157,-0.12691570818424225
1898,0.0729999989271164,0.17727315,-0.10427315533161163
1899,0.10700000077486038,0.20863013,-0.10163012892007828
1920,0.10199999809265137,0.19312896,-0.09112896025180817
1921,0.08900000154972076,0.7232282,-0.6342282146215439
1922,0.09972222149372101,0.25448126,-0.15475903451442719
1923,0.05833333358168602,0.14441785,-0.0860845185816288
1924,0.10199999809265137,0.32431155,-0.22231155633926392
1925,0.05155555531382561,0.2596592,-0.20810364559292793
1926,0.08100000023841858,0.8618909,-0.7808909118175507
1927,0.05966666713356972,0.5479021,-0.4882354401051998
1928,0.06266666948795319,1.1268308,-1.0641641467809677
1929,0.08699999749660492,0.2081184,-0.12111839652061462
1930,0.09000000357627869,0.23631904,-0.14631903171539307
1931,0.08666666597127914,0.2721429,-0.18547622114419937
1950,0.08633333444595337,0.27303514,-0.18670180439949036
1951,0.15199999511241913,0.2460923,-0.09409230947494507
1952,0.12999999523162842,0.20270513,-0.07270513474941254
1953,0.0793333351612091,0.6425956,-0.5632622539997101
1954,0.05766666680574417,0.13848345,-0.08081678301095963
1955,0.05166666582226753,0.39674023,-0.34507356211543083
1956,0.05322222411632538,0.5988687,-0.5456465035676956
1957,3.433000087738037,0.34154737,3.091452717781067
1958,0.06755555421113968,0.21961334,-0.15205778926610947
1959,0.10999999940395355,0.52659744,-0.4165974408388138
1960,0.12711110711097717,0.20795454,-0.08084343373775482
1961,0.08299999684095383,0.16988625,-0.08688624948263168
1982,0.09200000017881393,0.19310951,-0.10110951215028763
1983,0.08211111277341843,0.37267902,-0.29056791216135025
1984,0.05900000035762787,0.19118072,-0.13218072056770325
1985,0.07522222399711609,0.2219186,-0.14669637382030487
1986,0.0860000029206276,0.15618728,-0.0701872780919075
1987,0.07733333110809326,0.19426431,-0.11693097651004791
1988,0.07599999755620956,0.1651025,-0.08910249918699265
1989,0.08866667002439499,0.19687828,-0.10821161419153214
1990,0.09200000017881393,0.15730444,-0.06530443578958511
1991,0.085999995470047,0.23086825,-0.14486825466156006
1992,0.08799999952316284,0.16223954,-0.07423953711986542
1993,0.12133333832025528,0.17406617,-0.05273283272981644
1994,0.10411111265420914,0.14811452,-0.044003404676914215
1995,0.07899999618530273,0.2145072,-0.13550721108913422
1996,0.08799999952316284,0.32009596,-0.23209595680236816
1997,0.08233333379030228,0.24863754,-0.16630420833826065
1998,0.0729999989271164,0.3035731,-0.23057310283184052
3415,0.10000000149011612,0.18521555,-0.08521554619073868
3416,0.0994444414973259,0.42674822,-0.32730377465486526
3417,0.07950000464916229,0.20025185,-0.12075184285640717
3418,0.08611111342906952,0.17802395,-0.09191283583641052
3419,0.08799999952316284,0.17800543,-0.09000542759895325
3420,0.10233333706855774,0.18734202,-0.08500868082046509
3421,0.11900000274181366,0.78259784,-0.6635978370904922
3422,0.053388893604278564,0.46014157,-0.40675267577171326
3423,0.05299999937415123,0.14134727,-0.08834727481007576
3432,0.05000000074505806,0.1498814,-0.09988139197230339
3433,0.052000001072883606,0.12357658,-0.07157658040523529
3434,0.08750000596046448,0.8856118,-0.798111766576767
3435,0.10100000351667404,0.16171442,-0.060714416205883026
3436,0.09866666793823242,0.16694608,-0.06827941536903381
3437,0.09333333373069763,0.1738209,-0.08048756420612335
3438,0.12422222644090652,0.27535057,-0.1511283442378044
3439,0.09099999815225601,0.38753963,-0.29653962701559067
3440,0.10822222381830215,0.3086318,-0.20040958374738693
4093,0.11299999803304672,0.21040387,-0.0974038764834404
4094,0.09799999743700027,0.17760636,-0.07960636168718338
4095,0.14100000262260437,0.24555507,-0.10455507040023804
4096,0.11500000208616257,0.21120714,-0.0962071344256401
4097,0.07366666942834854,0.20214887,-0.12848220020532608
4098,0.07088889181613922,0.1708353,-0.09994640946388245
4099,0.07555555552244186,0.1895554,-0.1139998510479927
4100,0.08533333241939545,0.19567455,-0.11034122109413147
4101,0.09200000017881393,0.18429402,-0.09229401499032974
4102,0.10199999809265137,0.20163551,-0.09963551163673401
4103,0.11800000071525574,0.36329615,-0.2452961504459381
4108,0.11944444477558136,0.17316869,-0.053724244236946106
4109,0.09733333438634872,0.15579152,-0.05845818668603897
4110,0.08633334189653397,0.20855148,-0.12221813946962357
4111,0.08399999886751175,0.22136047,-0.13736047595739365
4112,0.07400000095367432,0.2901158,-0.216115802526474
4113,0.07400000095367432,0.36710703,-0.2931070327758789
4114,0.09688889235258102,0.23395914,-0.13707024604082108
4115,0.117166668176651,0.21575901,-0.09859234094619751
4116,0.12200000137090683,0.26978388,-0.14778388291597366
4117,0.10400000214576721,0.23772456,-0.13372455537319183
4118,0.14633332192897797,0.20337783,-0.05704450607299805
71,0.13300000131130219,0.19918707,-0.0661870688199997
72,0.12033332884311676,0.20986567,-0.08953234553337097
73,0.10466666519641876,0.21064858,-0.10598191618919373
74,0.09533333033323288,0.22653641,-0.1312030777335167
75,0.08033333718776703,0.20378828,-0.12345494329929352
76,0.08755555748939514,0.20975827,-0.12220270931720734
77,0.08255555480718613,0.20517483,-0.12261927872896194
78,0.09000000357627869,0.2307608,-0.14076079428195953
79,0.09700000286102295,0.2196995,-0.12269949913024902
80,0.08100000023841858,0.21657829,-0.13557828962802887
81,0.11100000143051147,0.2219186,-0.11091859638690948
82,0.09700000286102295,0.20710903,-0.11010903120040894
83,0.0860000029206276,0.2646092,-0.1786091849207878
84,0.2935555577278137,0.21334052,0.08021503686904907
85,0.3503333330154419,0.23184082,0.11849251389503479
86,1.0593888759613037,0.21526834,0.8441205322742462
87,0.40066665410995483,0.22424184,0.1764248162508011
88,0.13500000536441803,0.22277303,-0.08777302503585815
89,3.1033334732055664,0.23042405,2.872909426689148
90,0.1922222226858139,0.22948,-0.03725777566432953
91,1.5743334293365479,0.30187505,1.2724583745002747
92,1.3350000381469727,0.22760373,1.1073963046073914
93,1.4487777948379517,0.2257996,1.222978189587593
94,0.11644444614648819,0.23750685,-0.12106240540742874
95,3.2279443740844727,0.7207294,2.5072149634361267
96,2.4563331604003906,0.24032633,2.2160068303346634
97,0.14033332467079163,0.2348648,-0.09453147649765015
98,0.10233333706855774,0.20874959,-0.106416255235672
99,0.09166666865348816,0.22639236,-0.1347256898880005
100,0.08933333307504654,0.20708042,-0.11774709075689316
101,0.078166663646698,0.20520435,-0.12703768908977509
102,0.08188889175653458,0.20874959,-0.12686070054769516
103,0.08366666734218597,0.21585314,-0.13218647241592407
104,0.09177777171134949,0.21210308,-0.12032531201839447
105,0.16555555164813995,0.26178962,-0.09623406827449799
106,0.12733334302902222,0.20889585,-0.08156250417232513
3127,0.10199999809265137,0.34883925,-0.2468392550945282
3128,0.10233333706855774,0.22041114,-0.11807779967784882
3129,0.08100000023841858,0.16907416,-0.08807416260242462
3130,0.0802222192287445,0.23224176,-0.15201954543590546
3131,0.12700000405311584,0.17176105,-0.0447610467672348
3132,0.13500000536441803,0.17312016,-0.038120150566101074
3133,0.1106666624546051,0.16679251,-0.05612584948539734
3134,2.8269999027252197,0.24494827,2.582051634788513
3135,0.09933333098888397,0.22610374,-0.12677040696144104
3136,0.10499999672174454,0.22160178,-0.11660178750753403
3137,0.09088888764381409,0.2253104,-0.13442151248455048
3138,0.07699999958276749,0.20112751,-0.12412751466035843
3139,0.06933332979679108,0.21585591,-0.14652258157730103
3140,0.09233333170413971,0.30786043,-0.21552710235118866
3141,0.0989999994635582,0.19545151,-0.09645151346921921
3142,0.09533333033323288,0.23985034,-0.14451701194047928
3143,0.09266667068004608,0.19661617,-0.10394950211048126
3144,0.11500000208616257,0.17982754,-0.06482753902673721
3145,0.10499999672174454,0.45192525,-0.346925251185894
3146,0.14166666567325592,0.2156459,-0.07397922873497009
3147,0.09011110663414001,0.20868534,-0.11857423186302185
3148,0.1379999965429306,0.20311187,-0.06511187553405762
3149,0.12999999523162842,0.1751222,-0.04512220621109009
3150,0.15844444930553436,0.20162532,-0.04318086802959442
3151,0.10677777230739594,0.33704337,-0.23026560246944427
3152,0.12700000405311584,0.266147,-0.13914698362350464
3153,0.10300000011920929,0.17489564,-0.07189564406871796
3154,0.10022222250699997,0.2651162,-0.1648939922451973
3155,0.07999999821186066,0.2279184,-0.14791840314865112
3156,0.08699999749660492,0.22788092,-0.14088092744350433
3157,0.08133333176374435,0.18832093,-0.1069876030087471
3158,0.08900000154972076,0.1903083,-0.10130830109119415
3159,0.09433333575725555,0.18012057,-0.08578723669052124
3160,0.08500000089406967,0.18860213,-0.10360213369131088
3995,0.04899999871850014,0.34442416,-0.2954241596162319
3996,0.06455555558204651,0.47321135,-0.4086557924747467
3997,0.06499999761581421,0.35756728,-0.29256728291511536
4005,0.053999997675418854,1.1704652,-1.1164652332663536
4006,0.053111109882593155,0.7668649,-0.7137537859380245
4007,0.0676666721701622,0.38131124,-0.31364456564188004
2887,0.09000000357627869,0.2192913,-0.12929129600524902
2888,0.09644444286823273,0.25678432,-0.16033987700939178
2889,0.06599999964237213,0.44088343,-0.37488342821598053
2890,0.06466666609048843,0.34939176,-0.2847250923514366
2891,0.09066666662693024,0.27262822,-0.1819615513086319
2892,0.12200000137090683,0.2654985,-0.1434984877705574
2299,0.06388889253139496,0.2368707,-0.17298181354999542
2300,0.05999999865889549,0.18292463,-0.12292462959885597
2301,0.060777775943279266,0.13096575,-0.07018797844648361
2302,0.06800000369548798,0.3744151,-0.3064150959253311
2305,0.08799999952316284,0.6031833,-0.5151833295822144
2306,0.08055555820465088,0.51859057,-0.4380350112915039
2307,0.06522222608327866,0.1624132,-0.0971909686923027
2308,0.06300000101327896,0.35999888,-0.29699888080358505
3181,0.10199999809265137,0.2745966,-0.17259660363197327
3182,0.09733333438634872,0.16673274,-0.0693994089961052
3183,0.07144444435834885,0.18727662,-0.11583217233419418
3184,0.0667777732014656,0.26431695,-0.19753917306661606
3185,0.08388888835906982,0.46435052,-0.3804616332054138
3186,0.07655555754899979,0.3847706,-0.30821504443883896
3187,0.3349999785423279,0.40615258,-0.07115259766578674
3188,0.13699999451637268,0.29215816,-0.1551581621170044
3189,0.14666666090488434,0.2362917,-0.0896250456571579
3191,0.08500000089406967,0.19861399,-0.11361398547887802
3192,0.11233333498239517,0.22839531,-0.1160619780421257
3193,0.07433333247900009,0.20930235,-0.13496901839971542
3194,0.07011111080646515,0.21256061,-0.1424494981765747
3195,0.09288888424634933,0.20535482,-0.11246594041585922
3196,0.07144444435834885,0.35451758,-0.28307313472032547
3197,0.10566666722297668,0.20244719,-0.09678052365779877
3198,0.08699999749660492,0.19666648,-0.10966648161411285
3199,0.17194443941116333,0.28736585,-0.11542141437530518
2628,0.15033334493637085,0.24635391,-0.09602056443691254
2629,0.10400000214576721,0.17043991,-0.0664399117231369
2630,0.10899999737739563,0.24371374,-0.13471373915672302
2631,0.06133333221077919,0.1507322,-0.08939887210726738
2632,0.05233333259820938,0.21037774,-0.15804440528154373
2633,0.055666666477918625,0.51629364,-0.4606269784271717
2634,0.05233333259820938,0.11868827,-0.06635493785142899
2635,0.07599999755620956,0.22226022,-0.14626022428274155
2636,0.10433333367109299,0.17822058,-0.07388725131750107
2637,0.08900000154972076,0.19593032,-0.10693031549453735
2638,0.0689999982714653,0.37968165,-0.31068164855241776
2639,0.1459999978542328,0.23402494,-0.08802494406700134
2641,0.13788889348506927,0.19860262,-0.06071372330188751
2642,0.09833333641290665,0.17865111,-0.08031777292490005
2643,0.11966666579246521,0.28912273,-0.16945606470108032
2644,0.05900000035762787,0.29050198,-0.2315019816160202
2645,0.07266665995121002,0.66503274,-0.5923660844564438
2646,0.053333330899477005,0.17494884,-0.12161551043391228
2647,0.049888886511325836,0.11461981,-0.0647309198975563
2648,0.06199999898672104,0.12214789,-0.06014788895845413
2649,0.0989999994635582,0.5277626,-0.4287625923752785
2650,0.08900000154972076,0.16206914,-0.07306914031505585
2651,0.0860000029206276,0.1638778,-0.07787779718637466
2652,0.11655555665493011,0.35496286,-0.23840729892253876
4380,0.07699999958276749,0.22192715,-0.14492715150117874
4381,0.09805555641651154,0.39910573,-0.30105017125606537
4382,0.12800000607967377,0.38429278,-0.25629277527332306
4383,0.08255555480718613,0.3053437,-0.22278813272714615
4384,0.049444444477558136,0.17416005,-0.12471560388803482
4385,0.04977777600288391,0.16324,-0.11346222460269928
4386,0.06800000369548798,0.6628529,-0.5948528796434402
4387,0.0725555568933487,0.5658797,-0.4933241456747055
4388,0.05966666713356972,0.12842269,-0.06875602528452873
4389,0.053777776658535004,0.16635795,-0.11258017271757126
4390,0.06777778267860413,0.25468507,-0.18690729141235352
4428,0.05900000035762787,0.26166874,-0.20266874134540558
4429,0.06066666543483734,0.17327626,-0.11260959506034851
4430,0.06300000101327896,0.11868827,-0.055688269436359406
4431,0.06711111217737198,0.14448193,-0.07737081497907639
4432,0.07066666334867477,1.0291877,-0.9585210159420967
4433,0.05066666752099991,0.15755227,-0.10688560456037521
4434,0.049666669219732285,0.13848345,-0.08881678059697151
4435,0.06355555355548859,0.52112776,-0.45757220685482025
4436,0.09577777981758118,0.3874754,-0.29169762134552
4437,0.08366666734218597,0.22782938,-0.14416271448135376
4438,0.08266666531562805,0.122199506,-0.03953284025192261
2016,0.05900000035762787,0.46446472,-0.4054647237062454
2017,0.11800000071525574,0.29301152,-0.1750115156173706
2018,0.08633333444595337,0.18621525,-0.09988191723823547
2019,0.06455555558204651,0.21251348,-0.1479579210281372
2020,0.09222222119569778,0.20024307,-0.1080208495259285
2021,0.10233333706855774,0.2077777,-0.10544435679912567
2022,0.14900000393390656,0.23119985,-0.08219984173774719
2023,0.10866667330265045,0.20061205,-0.09194537997245789
2041,0.06211111322045326,0.3097055,-0.24759438261389732
2042,0.06222222372889519,0.31975117,-0.25752894952893257
2043,0.08799999952316284,0.21508402,-0.12708401679992676
2044,0.07755555957555771,0.22040966,-0.14285410195589066
2045,0.09099999815225601,0.19682255,-0.10582255572080612
2046,0.1137777790427208,0.20178375,-0.08800596743822098
2047,0.11388888955116272,0.20820013,-0.09431123733520508
2048,0.11611110717058182,0.15896644,-0.04285532981157303
963,0.007777777966111898,1.3373203,-1.3295425497926772
964,0.08166666328907013,0.271776,-0.19010932743549347
965,0.14838889241218567,0.21089195,-0.06250305473804474
966,0.11699999868869781,0.6013534,-0.4843534082174301
967,0.10733333230018616,0.1833419,-0.07600857317447662
970,0.13472223281860352,0.2308641,-0.09614185988903046
971,0.14811110496520996,0.19108698,-0.04297587275505066
972,0.15983332693576813,0.18597905,-0.026145726442337036
973,0.11999999731779099,0.17473865,-0.05473864823579788
974,0.07199999690055847,0.35430542,-0.28230541944503784
975,0.06599999964237213,0.2745187,-0.20851869881153107
981,0.07900000363588333,0.2068842,-0.12788420170545578
982,0.0676666721701622,0.23645797,-0.168791301548481
983,0.0793333351612091,0.22931436,-0.14998102188110352
984,0.07999999821186066,0.2152812,-0.13528120517730713
985,0.06066666543483734,0.36683035,-0.3061636835336685
986,0.09849999845027924,0.21363863,-0.11513863503932953
987,0.10022222250699997,0.21105777,-0.11083554476499557
988,0.06422222405672073,0.35443956,-0.2902173325419426
989,0.06233333423733711,0.24384262,-0.18150928243994713
990,0.07199999690055847,0.22768804,-0.15568804740905762
991,0.08577777445316315,0.18748997,-0.1017121970653534
992,0.009333333931863308,0.38941658,-0.3800832414999604
993,0.06799999624490738,0.19003119,-0.12203118950128555
994,0.17499999701976776,0.21921626,-0.04421626031398773
995,0.12299999594688416,0.19885938,-0.07585938274860382
996,0.13300000131130219,0.1929989,-0.059998899698257446
999,0.12266666442155838,0.20230305,-0.07963638752698898
1000,0.16466666758060455,0.24093151,-0.07626484334468842
1001,0.12888889014720917,0.21458335,-0.08569446206092834
1002,0.1316666603088379,0.20841905,-0.07675239443778992
1003,0.08449999988079071,0.3575153,-0.2730153053998947
1004,0.0533333346247673,0.14186831,-0.08853497356176376
1010,0.07866666465997696,0.25377098,-0.1751043125987053
1011,0.06966666877269745,0.19327903,-0.12361235916614532
1012,0.07333333790302277,0.24001102,-0.16667768359184265
1013,0.08300000429153442,0.22040325,-0.13740324974060059
1014,0.061000000685453415,0.3103083,-0.24930830672383308
1015,0.08100000023841858,0.23997574,-0.1589757353067398
1016,0.11544444411993027,0.19517373,-0.07972928136587143
1017,0.06566666811704636,0.33833492,-0.2726682499051094
1018,0.0833333358168602,0.27145308,-0.18811974674463272
1019,0.0949999988079071,0.20531087,-0.1103108674287796
1020,0.12099999934434891,0.19382331,-0.07282330840826035
153,0.10155555605888367,0.2257996,-0.12424404919147491
154,0.09700000286102295,0.21035774,-0.11335773766040802
155,0.14399999380111694,0.20243378,-0.058433786034584045
156,0.16066665947437286,0.21020164,-0.04953497648239136
157,0.18566666543483734,0.21106961,-0.025402948260307312
158,0.16955555975437164,0.20714395,-0.03758838772773743
159,0.1487777829170227,0.20452508,-0.05574730038642883
160,0.0793333351612091,0.22190559,-0.14257225394248962
161,0.07666666805744171,0.20729867,-0.13063199818134308
162,0.07199999690055847,0.4550059,-0.38300591707229614
163,0.09155555069446564,0.23481172,-0.14325617253780365
164,0.6023333668708801,0.22827792,0.3740554451942444
165,0.12244444340467453,0.2446206,-0.1221761628985405
166,0.11444444209337234,0.20729867,-0.09285422414541245
167,0.1469999998807907,0.5421938,-0.39519377052783966
168,0.09433333575725555,1.051766,-0.9574327021837234
169,0.0,0.4145283,-0.4145283102989197
170,0.0,0.22899486,-0.22899486124515533
171,0.0,0.22899486,-0.22899486124515533
172,0.07388889044523239,1.2749131,-1.2010241821408272
173,0.12733332812786102,0.3502556,-0.22292228043079376
174,2.788222312927246,1.0377725,1.750449776649475
175,0.15833333134651184,0.20534702,-0.04701368510723114
176,0.1245555579662323,0.21236241,-0.08780685067176819
177,0.12466666102409363,0.7653902,-0.6407235562801361
178,1.6810001134872437,0.24145065,1.4395494610071182
179,0.0864444449543953,0.2215356,-0.1350911483168602
180,0.07400000095367432,0.26978388,-0.19578388333320618
181,0.11699999868869781,0.20769624,-0.09069624543190002
182,0.15000000596046448,0.23138817,-0.08138816058635712
183,0.13500000536441803,0.18365857,-0.04865856468677521
184,0.13300000131130219,0.16220427,-0.029204264283180237
185,0.2875000238418579,0.19409072,0.09340929985046387
186,0.1616666615009308,0.20562457,-0.0439579039812088
187,0.14166666567325592,0.20824881,-0.06658214330673218
188,0.09300000220537186,0.19508746,-0.10208746045827866
23,0.05388889089226723,0.14979894,-0.09591005370020866
24,0.049222223460674286,0.1558665,-0.10664428025484085
25,0.05700000002980232,0.54817206,-0.49117205664515495
26,0.08205556869506836,0.20867524,-0.12661966681480408
27,0.08799999952316284,0.17437628,-0.08637627959251404
28,0.1086111068725586,0.17232646,-0.06371535360813141
29,0.09611111134290695,0.1833355,-0.08722438663244247
30,0.13244444131851196,0.16606478,-0.03362034261226654
37,0.13411110639572144,0.15717621,-0.023065105080604553
38,0.09022222459316254,0.18649803,-0.09627580642700195
39,0.12200000137090683,0.19491374,-0.0729137435555458
40,0.09099999815225601,0.17139769,-0.08039768785238266
41,0.07983332872390747,0.18705761,-0.10722428560256958
42,0.061444446444511414,0.19788946,-0.13644501566886902
43,0.052000001072883606,0.11868827,-0.06668826937675476
44,0.05433333292603493,0.122661754,-0.06832842156291008
4513,2.809000015258789,0.8465031,1.9624969363212585
4514,0.06599999964237213,0.20270348,-0.1367034763097763
4515,0.08799999952316284,0.2242061,-0.13620610535144806
4516,0.07899999618530273,0.17337362,-0.09437362849712372
4517,0.12172222137451172,0.26858455,-0.14686232805252075
4518,0.07322221994400024,0.21619573,-0.14297351241111755
4533,0.07333333045244217,0.2890523,-0.21571897715330124
4534,0.10400000214576721,0.22440165,-0.12040165066719055
4535,0.09600000083446503,0.19062197,-0.09462197124958038
4536,0.08500000089406967,0.43414804,-0.3491480425000191
4537,0.07233333587646484,0.812885,-0.7405516505241394
4538,2.48799991607666,1.1858425,1.3021574020385742
2283,0.05366666615009308,0.86334884,-0.8096821755170822
2284,0.055444445461034775,0.6826687,-0.6272242404520512
2285,0.09255555272102356,0.26732197,-0.1747664213180542
2286,0.16833332180976868,0.30049324,-0.13215991854667664
2287,2.3335554599761963,0.25256738,2.0809880793094635
2288,0.0989999994635582,0.37492806,-0.2759280577301979
2289,0.05944444611668587,0.4767983,-0.4173538498580456
2290,0.04600000008940697,0.22766666,-0.18166666105389595
1180,0.07000000029802322,0.18576705,-0.11576705425977707
1181,0.07011111080646515,0.26565394,-0.1955428272485733
1182,0.08011110872030258,0.16360727,-0.08349616080522537
1183,0.06066666543483734,0.11461981,-0.0539531409740448
1184,0.06199999898672104,0.1522291,-0.0902291014790535
1185,0.059333331882953644,0.21147999,-0.15214665979146957
1186,0.06533332914113998,0.13720413,-0.07187079638242722
1187,0.12300000339746475,0.13828194,-0.015281938016414642
1188,0.10544444620609283,0.23187752,-0.12643307447433472
1189,0.08133333176374435,0.19960475,-0.11827141791582108
1190,0.08033332973718643,0.2033218,-0.12298846989870071
1191,0.1003333330154419,0.5128032,-0.41246986389160156
1192,0.10766666382551193,0.2755791,-0.16791243106126785
1193,0.12966667115688324,0.14152487,-0.011858195066452026
1194,0.11266666650772095,0.14263982,-0.029973149299621582
1195,0.07466666400432587,0.20689343,-0.13222676515579224
1196,0.062444448471069336,0.117674485,-0.0552300363779068
1197,0.0729999989271164,0.11813101,-0.04513101279735565
1198,0.07000000029802322,0.1183745,-0.04837449640035629
1199,0.03200000151991844,0.11815299,-0.08615298941731453
1200,0.005333333276212215,0.11461981,-0.10928647313266993
1201,0.004222222603857517,0.14471951,-0.14049728866666555
1203,0.07599999755620956,0.19319183,-0.11719182878732681
1204,0.0676666647195816,0.51228845,-0.4446217864751816
1205,0.072111114859581,0.15291575,-0.08080463111400604
1206,0.05900000035762787,0.14704648,-0.08804647624492645
1207,0.05666666850447655,0.11938828,-0.0627216137945652
1208,0.06011110916733742,0.6803376,-0.6202264986932278
1209,0.06700000166893005,0.29143915,-0.22443914413452148
1210,0.1276666671037674,0.13241152,-0.004744857549667358
1211,0.0989999994635582,0.20793015,-0.10893014818429947
1212,0.0806666687130928,0.2758225,-0.1951558217406273
1213,0.07699999958276749,0.10338323,-0.026383228600025177
1214,0.10177777707576752,0.26358777,-0.1618099957704544
1215,0.11100000143051147,0.73227197,-0.6212719678878784
1216,0.11744444817304611,0.14897525,-0.03153080493211746
1217,0.11233333498239517,0.14909114,-0.036757804453372955
1218,0.09466666728258133,0.22292036,-0.12825369089841843
1219,0.06488888710737228,0.117674485,-0.05278559774160385
1220,0.0707777813076973,0.117674485,-0.04689670354127884
1221,0.0716666653752327,0.11984208,-0.04817541688680649
1222,0.03377777710556984,0.29224715,-0.2584693692624569
1223,0.00800000037997961,0.14565468,-0.13765467796474695
1224,0.00422222213819623,0.11938828,-0.11516606016084552
1521,0.11800000071525574,0.20751168,-0.0895116776227951
1522,0.09399999678134918,0.17676146,-0.08276146650314331
1523,0.0729999989271164,0.21191339,-0.13891339302062988
1524,0.0698888897895813,0.20744759,-0.1375586986541748
1525,0.06233333423733711,0.1970351,-0.13470176979899406
1526,0.06666667014360428,0.15626048,-0.089593805372715
1527,0.06733333319425583,0.19174501,-0.1244116798043251
1528,0.07100000232458115,0.17489041,-0.10389041155576706
1529,0.07333333045244217,0.1766093,-0.10327596217393875
1530,0.08100000023841858,0.17242445,-0.09142445027828217
1531,0.09099999815225601,0.16247022,-0.0714702233672142
1532,0.09733333438634872,0.14534423,-0.048010893166065216
1533,0.07233333587646484,0.13830309,-0.06596975028514862
1534,0.06833333522081375,0.20439993,-0.13606659322977066
1535,0.0658888891339302,0.20935325,-0.1434643641114235
1536,0.06522222608327866,0.16723703,-0.10201480239629745
1537,0.06266666948795319,0.17235082,-0.10968415439128876
1538,0.061000000685453415,0.191955,-0.13095499947667122
1539,0.06700000166893005,0.17418692,-0.10718691349029541
1540,0.06494444608688354,0.21104419,-0.1460997462272644
1541,0.14000000059604645,0.17082903,-0.03082902729511261
1542,0.1066666692495346,0.17478095,-0.0681142807006836
4013,0.01988888904452324,0.30445653,-0.2845676429569721
4014,0.052000001072883606,0.24569225,-0.19369225203990936
4015,0.07999999821186066,0.17771779,-0.09771779179573059
4016,0.06266666948795319,0.20144413,-0.1387774646282196
4017,0.08433333039283752,0.20106967,-0.11673633754253387
4018,0.11977777630090714,0.16479433,-0.04501654952764511
4019,0.11900000274181366,0.20564987,-0.08664986491203308
4020,0.13199999928474426,0.20731035,-0.0753103494644165
4021,0.10499999672174454,0.16618949,-0.06118949502706528
4022,0.12200000137090683,0.19648145,-0.07448145002126694
4023,0.11433333158493042,0.16900551,-0.054672181606292725
4024,0.22544443607330322,0.24199764,-0.016553208231925964
4025,0.06366666406393051,0.21596551,-0.15229884535074234
4026,0.06800000369548798,0.24795139,-0.17995138466358185
4027,0.10411111265420914,0.23383504,-0.1297239288687706
4028,0.014999999664723873,0.23253731,-0.21753731463104486
4029,0.05561111122369766,0.24596998,-0.19035886973142624
4030,0.07433333247900009,0.19562943,-0.12129610031843185
4031,0.0658888891339302,0.13849953,-0.07261063903570175
4032,0.07133333384990692,0.16608788,-0.09475454688072205
4033,0.11599999666213989,0.1979616,-0.08196160197257996
4034,0.11833333224058151,0.19306627,-0.0747329369187355
4035,0.13600000739097595,0.16259274,-0.026592731475830078
4036,0.1223333328962326,0.16268831,-0.040354982018470764
4037,0.11133333295583725,0.16509853,-0.053765200078487396
4038,0.1111111119389534,0.16835627,-0.0572451576590538
4039,0.11533333361148834,0.1574142,-0.04208086431026459
4040,0.06533332914113998,0.19605963,-0.13072630017995834
4041,0.8737221956253052,0.2163785,0.6573437005281448
4042,0.14733333885669708,0.2322678,-0.08493445813655853
3237,0.07400000095367432,0.18764481,-0.1136448085308075
3238,0.07155555486679077,0.26443854,-0.1928829848766327
3239,0.06399999558925629,0.20391692,-0.13991692662239075
3240,0.07133333384990692,0.3334766,-0.2621432691812515
3241,0.05988888815045357,0.41503677,-0.3551478795707226
3242,0.06366666406393051,0.21803063,-0.1543639674782753
3243,0.06322222203016281,0.20824271,-0.145020492374897
3244,0.06400000303983688,0.34386054,-0.2798605337738991
3245,0.0672222226858139,0.23092274,-0.16370052099227905
3246,0.08033333718776703,0.25433186,-0.17399851977825165
3247,0.10400000214576721,0.18558832,-0.08158831298351288
3248,0.14499999582767487,0.19276272,-0.04776272177696228
3249,0.13588888943195343,0.16083212,-0.024943232536315918
3250,0.1459999978542328,0.19412427,-0.048124268651008606
3252,0.11566666513681412,0.20027451,-0.08460784703493118
3253,0.11822222173213959,0.20662479,-0.08840256929397583
3254,0.09166666865348816,0.20211251,-0.11044584214687347
3255,0.1303333342075348,0.22757553,-0.09724219143390656
3256,0.06199999898672104,0.24762322,-0.18562322109937668
3257,0.06800000369548798,0.23302561,-0.16502560675144196
3258,0.07277777791023254,0.30217358,-0.2293958067893982
3259,0.06744444370269775,0.20533606,-0.13789162039756775
3260,0.06700000166893005,0.25848067,-0.19148066639900208
3261,0.06550000607967377,0.20711248,-0.1416124701499939
3262,0.07999999821186066,0.21444732,-0.13444732129573822
3263,0.06499999761581421,0.19782884,-0.13282884657382965
3264,0.07233332842588425,0.28355828,-0.21122495085000992
3265,0.07599999755620956,0.17155498,-0.09555498510599136
903,0.0820000022649765,0.29771206,-0.2157120555639267
904,0.08100000023841858,0.27241287,-0.19141286611557007
905,0.09466666728258133,0.17641425,-0.08174758404493332
906,0.07266666740179062,0.51723605,-0.4445693865418434
907,0.06333333253860474,0.6604986,-0.5971652865409851
908,0.07000000029802322,0.30388144,-0.23388143628835678
909,0.07288888841867447,0.21038009,-0.13749120384454727
910,0.08299999684095383,0.22615056,-0.14315056055784225
914,0.09099999815225601,0.23813948,-0.14713948220014572
915,0.07466666400432587,0.22125192,-0.14658525586128235
916,0.07100000232458115,0.15757501,-0.08657500892877579
917,0.07500000298023224,0.22879767,-0.1537976711988449
918,0.07477777451276779,0.22219552,-0.14741774648427963
919,0.08166666328907013,0.2238639,-0.14219723641872406
920,0.08177778124809265,0.2615244,-0.1797466278076172
921,0.07644444704055786,0.2765841,-0.20013964176177979
2405,0.019111111760139465,0.18018831,-0.16107720136642456
2406,0.08522222191095352,0.20874959,-0.12352737039327621
2407,0.08533333241939545,0.2103986,-0.12506526708602905
2408,0.10494443774223328,0.20211914,-0.09717470407485962
2409,0.017999999225139618,0.22836643,-0.21036643534898758
2410,0.07999999821186066,0.17072187,-0.09072187542915344
2411,0.08577778190374374,0.17374188,-0.08796409517526627
2412,0.09166666865348816,0.7404355,-0.648768812417984
1739,0.08011110872030258,0.19407882,-0.11396770924329758
1740,0.08944444358348846,0.19820003,-0.10875558853149414
1741,0.1066666692495346,0.1832191,-0.07655243575572968
1742,0.11122222244739532,0.7939125,-0.6826902478933334
1743,0.0950000062584877,0.19682255,-0.10182254761457443
1744,0.1106666699051857,0.20038582,-0.08971915394067764
1745,0.09433333575725555,0.16115944,-0.06682610511779785
1746,0.09883333742618561,0.1829988,-0.08416546881198883
1747,0.07622221857309341,0.20553163,-0.12930940836668015
1748,0.06955555826425552,0.1928736,-0.12331803888082504
1776,0.05344444513320923,0.35611477,-0.30267032980918884
1777,0.05233333259820938,0.3186271,-0.2662937566637993
1778,2.963944435119629,1.2339243,1.7300201654434204
1779,0.10066666454076767,0.9264746,-0.8258079066872597
1780,0.12355555593967438,0.8650804,-0.7415248602628708
1781,0.11055555939674377,0.5840861,-0.4735305607318878
1782,0.5616666674613953,0.23576987,0.3258967995643616
1783,0.17499999701976776,0.22886597,-0.05386596918106079
1784,1.3070000410079956,0.22739603,1.0796040147542953
1785,0.1379999965429306,0.27184802,-0.13384802639484406
1786,0.08866666257381439,0.41755122,-0.328884556889534
1787,0.05433333292603493,1.6715726,-1.6172392331063747
1788,0.05400000140070915,0.23960498,-0.1856049783527851
1789,0.0703333392739296,0.2076315,-0.13729815930128098
1790,0.052222222089767456,0.31647795,-0.26425573229789734
1791,0.055444445461034775,0.137095,-0.08165055885910988
1802,0.07644444704055786,0.17875327,-0.10230882465839386
1803,0.08300000429153442,0.20378828,-0.12078827619552612
1804,0.08266666531562805,0.3891474,-0.30648073554039
1805,0.070333331823349,0.44682145,-0.3764881193637848
1806,0.09111110866069794,0.19046831,-0.09935720264911652
1817,0.052222222089767456,0.16261017,-0.11038795113563538
1818,0.049444444477558136,0.30183673,-0.2523922845721245
1819,0.06655555218458176,0.22905956,-0.16250400990247726
1820,0.0729999989271164,0.19657552,-0.12357552349567413
1821,0.07000000029802322,0.54340446,-0.4734044596552849
1822,0.16200000047683716,0.42427894,-0.2622789442539215
1823,0.1428888887166977,0.20051761,-0.05762872099876404
1824,1.593999981880188,0.23202078,1.3619792014360428
1825,0.28200000524520874,0.22871986,0.053280144929885864
1826,0.11866667121648788,0.2062486,-0.08758192509412766
1827,0.1340000033378601,0.32288623,-0.18888622522354126
1828,1.1863332986831665,0.2533677,0.9329656064510345
1829,0.0797777771949768,0.7367036,-0.6569257974624634
1830,0.049666665494441986,0.11938828,-0.06972161680459976
1831,0.050999999046325684,0.24362566,-0.19262565672397614
1832,0.052666667848825455,0.28533852,-0.2326718531548977
1860,0.05933333560824394,0.3190514,-0.25971807911992073
1861,0.08966666460037231,0.20675215,-0.11708548665046692
1862,0.09200000017881393,0.20741671,-0.11541671305894852
1863,0.09700000286102295,0.2003312,-0.10333119332790375
1864,0.1137777790427208,0.21170208,-0.09792429953813553
1865,0.10166666656732559,0.20508301,-0.10341634601354599
1866,0.11400000005960464,0.20179091,-0.08779091387987137
1867,0.12200000137090683,0.20408358,-0.0820835754275322
1868,0.1133333295583725,0.20817482,-0.09484149515628815
1869,0.09788888692855835,0.22275157,-0.1248626857995987
1870,0.07999999821186066,0.205477,-0.12547700107097626
1871,0.07266666740179062,0.19931242,-0.1266457512974739
1872,0.0793333351612091,0.20113905,-0.12180571258068085
1873,0.07599999755620956,0.20260486,-0.126604862511158
1874,0.09300000220537186,0.21148713,-0.11848712712526321
601,0.11766666918992996,0.18233074,-0.0646640732884407
602,0.11272221803665161,0.21416241,-0.1014401912689209
603,0.09444444626569748,0.16448797,-0.07004352658987045
604,0.10177777707576752,0.16011074,-0.05833296477794647
605,0.10633333772420883,0.16296488,-0.05663154274225235
606,0.09788888692855835,0.16605213,-0.06816324591636658
607,0.0954444408416748,0.1565649,-0.06112046539783478
608,0.09266667068004608,0.18449289,-0.09182621538639069
609,0.07944444566965103,0.21609415,-0.1366497054696083
610,0.07599999755620956,0.121934116,-0.04593411833047867
611,0.07711111009120941,0.10438974,-0.027278631925582886
612,0.07666666805744171,0.09787771,-0.021211043000221252
613,0.07366666197776794,0.36861295,-0.2949462831020355
614,0.07277777791023254,0.10981171,-0.03703393042087555
615,0.07755555212497711,0.112636894,-0.03508134186267853
616,0.06711111217737198,0.117674485,-0.050563372671604156
617,0.06499999761581421,0.1209593,-0.055959299206733704
618,0.06466666609048843,0.14370573,-0.0790390595793724
619,0.08266666531562805,0.17080237,-0.08813570439815521
620,0.09022222459316254,0.21378344,-0.12356121838092804
621,0.08277778327465057,0.23371962,-0.15094183385372162
622,0.10272222757339478,0.64865065,-0.545928418636322
623,0.08833333849906921,0.13790417,-0.049570828676223755
624,0.08733333647251129,0.3239364,-0.23660306632518768
626,0.1362222135066986,0.18256995,-0.046347737312316895
627,0.13233332335948944,0.20420162,-0.07186830043792725
628,0.10244444012641907,0.17297637,-0.0705319344997406
629,0.11500000208616257,0.16081887,-0.04581887274980545
630,0.10311111062765121,0.16416621,-0.061055101454257965
631,0.09966666251420975,0.16244401,-0.06277734786272049
632,0.10066666454076767,0.16725768,-0.06659101694822311
633,0.09133333712816238,0.21954547,-0.12821213155984879
634,0.08399999886751175,0.17815068,-0.09415068477392197
635,0.07999999821186066,0.1489292,-0.06892919540405273
636,0.07633332908153534,0.15514167,-0.07880833745002747
637,0.08100000023841858,0.12850831,-0.04750831425189972
638,0.07500000298023224,0.14942913,-0.07442912459373474
639,0.07250000536441803,0.10857479,-0.03607478737831116
640,0.07144444435834885,0.11088294,-0.03943849354982376
641,0.06400000303983688,0.117674485,-0.05367448180913925
642,0.06400000303983688,0.11868827,-0.05468826740980148
643,0.06800000369548798,0.13213964,-0.06413963437080383
644,0.0820000022649765,0.2718046,-0.18980459868907928
645,0.0985555574297905,0.16002731,-0.06147175282239914
646,0.09355555474758148,0.15786846,-0.0643129050731659
647,0.10733333230018616,0.2003767,-0.09304337203502655
648,0.09600000083446503,0.25488675,-0.15888674557209015
649,0.08366666734218597,0.21308893,-0.12942226231098175
709,0.10466666519641876,0.2235404,-0.118873730301857
710,0.10505557060241699,0.16973267,-0.06467710435390472
711,0.09799999743700027,0.6635302,-0.5655301734805107
712,0.07199999690055847,0.23061655,-0.1586165577173233
713,0.06955555826425552,0.49788216,-0.4283265992999077
714,0.06488888710737228,0.339759,-0.2748701050877571
715,0.09399999678134918,0.22021171,-0.1262117177248001
716,0.08588888496160507,0.24584292,-0.1599540337920189
717,0.07199999690055847,0.19724405,-0.12524405121803284
718,0.06400000303983688,0.2965033,-0.23250330239534378
719,0.07599999755620956,0.19369413,-0.11769413203001022
720,0.1730000078678131,0.15254344,0.020456567406654358
723,0.17133332788944244,0.19279991,-0.021466583013534546
724,0.09022222459316254,0.20708042,-0.11685819923877716
725,0.07800000160932541,0.35429314,-0.2762931361794472
726,0.07800000160932541,0.27949464,-0.20149464160203934
727,0.08799999952316284,0.29929504,-0.21129503846168518
728,0.09200000017881393,0.21481463,-0.12281463295221329
729,0.08100000023841858,0.21657829,-0.13557828962802887
730,0.06355555355548859,0.3801712,-0.31661565601825714
731,0.06527777761220932,0.33202514,-0.2667473629117012
732,0.09522221982479095,0.22986676,-0.1346445381641388
733,0.09699999541044235,0.20923805,-0.11223805695772171
734,0.12166666984558105,0.2517317,-0.13006502389907837
4761,0.11505555361509323,0.20211914,-0.08706358820199966
4763,0.11033333092927933,0.2042187,-0.09388536959886551
3857,0.05488888919353485,0.53620094,-0.4813120514154434
3858,0.06133333221077919,0.19597496,-0.1346416287124157
3859,0.08500000089406967,0.4597551,-0.3747550919651985
3860,0.09000000357627869,0.20597371,-0.11597371101379395
3861,0.09166666865348816,0.2013026,-0.10963593423366547
3862,0.08633333444595337,0.19615659,-0.10982325673103333
3863,0.08799999952316284,0.19204067,-0.10404066741466522
3864,0.08999999612569809,0.22314173,-0.13314173370599747
3865,0.06599999964237213,0.13772883,-0.07172882556915283
3866,0.06311111152172089,0.19350243,-0.13039131462574005
3867,0.0663333311676979,0.17247902,-0.10614568740129471
3868,0.008999999612569809,0.21033876,-0.2013387568295002
3869,0.008333333767950535,0.32762185,-0.319288513623178
3870,0.053777776658535004,0.2653207,-0.21154291182756424
3871,0.06866666674613953,0.5287993,-0.4601326286792755
3872,0.06700000166893005,0.32781574,-0.26081573963165283
3873,0.08516666293144226,0.19160457,-0.10643790662288666
3874,0.09477777779102325,0.2030689,-0.10829111933708191
3875,0.08399999886751175,0.20790681,-0.12390681356191635
3876,0.09188888967037201,0.20074995,-0.1088610589504242
3877,0.0963333249092102,0.20165245,-0.10531912744045258
3878,0.06433333456516266,0.23390812,-0.1695747822523117
3879,0.057999998331069946,0.20846446,-0.15046446025371552
3880,0.05966666713356972,0.49991906,-0.4402523897588253
407,0.1080000028014183,0.19935834,-0.09135834127664566
408,0.10922222584486008,0.16647404,-0.05725181847810745
409,0.11555555462837219,0.21163534,-0.09607978165149689
410,0.09288889169692993,0.16374461,-0.07085572183132172
411,0.08733333647251129,0.1863285,-0.0989951640367508
412,0.07222222536802292,0.20220272,-0.12998049706220627
413,0.008333333767950535,0.8402954,-0.8319620406255126
414,0.03455555438995361,0.42530805,-0.39075249433517456
415,0.0963333323597908,0.19993897,-0.10360563546419144
416,0.12299999594688416,0.79544735,-0.6724473536014557
419,0.1133333295583725,0.14912964,-0.03579631447792053
420,0.10016666352748871,0.16415659,-0.06398992240428925
421,0.041999999433755875,0.4534611,-0.41146111115813255
422,0.00800000037997961,0.76031095,-0.7523109475150704
423,0.0689999982714653,0.50252295,-0.43352294713258743
424,0.08988889306783676,0.19974084,-0.10985194891691208
425,0.0958888903260231,0.18548892,-0.08960003405809402
426,0.10733333230018616,0.20664065,-0.09930731356143951
427,0.11400000005960464,0.2587405,-0.1447405144572258
428,0.11699999868869781,0.21088512,-0.09388512372970581
681,0.07400000095367432,0.23534669,-0.1613466888666153
682,0.0703333392739296,0.21443747,-0.14410413056612015
683,0.07511111348867416,0.20282017,-0.1277090534567833
684,0.06522221863269806,0.23301102,-0.1677888035774231
685,0.06700000166893005,0.25765076,-0.19065076112747192
686,0.06800000369548798,0.32652617,-0.25852616131305695
651,0.08399999886751175,0.19617146,-0.1121714636683464
652,0.07577777653932571,0.2720423,-0.19626452773809433
653,0.06599999964237213,0.16838257,-0.10238257050514221
654,0.06599999964237213,0.17733073,-0.11133073270320892
655,0.09700000286102295,0.18907994,-0.09207993745803833
656,0.10366666316986084,0.7696217,-0.6659550070762634
657,0.09799999743700027,0.7118443,-0.6138443276286125
658,0.08266667276620865,0.1963089,-0.11364222317934036
659,0.0989999994635582,0.2006084,-0.10160840302705765
660,0.09366666525602341,0.21538308,-0.12171641737222672
661,0.0873333290219307,0.20635413,-0.11902079731225967
662,0.07744444161653519,0.25513756,-0.17769312113523483
669,0.07800000160932541,0.26942867,-0.19142866879701614
670,0.07377777248620987,0.2594229,-0.18564512580633163
671,0.09800000488758087,0.23992655,-0.14192654192447662
672,0.11033333092927933,0.23119852,-0.12086518853902817
673,0.09300000220537186,0.20520435,-0.11220435053110123
674,0.09399999678134918,0.19570799,-0.10170799493789673
675,0.10022221505641937,0.17306381,-0.0728415995836258
676,0.10822222381830215,0.2472085,-0.1389862820506096
677,0.06199999898672104,0.22204487,-0.16004487127065659
678,0.07699999958276749,0.33031607,-0.2533160671591759
679,0.07716666162014008,0.19887547,-0.12170881032943726
680,0.09561111032962799,0.22433291,-0.12872180342674255
1435,0.0663333311676979,0.13193543,-0.06560210138559341
1436,0.1133333370089531,0.20285594,-0.08952260762453079
1437,0.10950000584125519,0.16974461,-0.0602446049451828
1438,0.11233332753181458,0.16944158,-0.05710825324058533
1439,0.10599999874830246,0.20601581,-0.10001581162214279
1440,0.2070000022649765,0.27401364,-0.06701363623142242
1441,0.08777777850627899,0.2329853,-0.14520752429962158
1442,0.09699999541044235,0.23896235,-0.14196235686540604
1443,0.07866675406694412,0.19956358,-0.1208968237042427
1444,0.05811111256480217,0.19016206,-0.13205095008015633
1445,0.06933333724737167,0.2598684,-0.1905350759625435
1446,0.07633333653211594,0.18920842,-0.1128750815987587
1447,0.07133333384990692,0.3348305,-0.26349715888500214
1448,0.078166663646698,0.21952583,-0.14135916531085968
1449,0.06966666877269745,0.24659914,-0.1769324690103531
1450,0.061000000685453415,1.052818,-0.9918179400265217
1451,0.057999998331069946,0.21282099,-0.1548209935426712
1452,0.06499999761581421,0.17428495,-0.10928495228290558
1453,0.058000002056360245,0.25843835,-0.20043834671378136
1454,0.08688889443874359,0.26926288,-0.1823739856481552
1455,0.09200000017881393,0.21550445,-0.12350445240736008
1456,0.07000000029802322,0.7826198,-0.71261977404356
1457,0.06566666811704636,0.22103277,-0.15536610037088394
1458,0.06499999761581421,0.19733082,-0.13233081996440887
1459,0.058666668832302094,0.18834972,-0.12968305498361588
1460,0.08100000023841858,0.20221096,-0.1212109625339508
1461,0.06866666674613953,0.23684826,-0.16818159818649292
1462,0.08866666257381439,0.16887361,-0.08020694553852081
1463,0.2078888863325119,0.2134849,-0.0055960118770599365
1464,0.1003333330154419,0.1955451,-0.09521177411079407
1465,0.1613333374261856,0.22726716,-0.06593382358551025
1466,0.0855555534362793,0.17862369,-0.09306813776493073
1467,0.11500000208616257,0.18704584,-0.07204584032297134
1468,0.07999999821186066,0.18449715,-0.10449714958667755
